Video ID,Post Caption,Post Timestamp,Play Count,Like Count,Video Duration (s),Video Dimensions,Video Definition,Video Codec,Canonical URL,Creator Username,Creator Nickname,Creator User ID,Creator SEC UID,Creator Verified,Creator Follower Count,Music ID,Music Title,Music Author,Is Original Sound,Audio Play URL,Keywords,Region Flag,viral,log_likes,is_holdout,temporal_split,cv_fold_grouped,log1p_duration_s,log1p_play_count,aspect_ratio,caption_length,hashtag_count,mention_count,cap_ends_with_q,has_cta,cap_punctuation_count,hour_of_day,day_of_month,month,hour_bucket,is_weekend,sin_hour,cos_hour,is_verified_int,is_original_sound_int,music_id_freq_enc,video_def_enc,explicit_keyword_count,has_keywords
6995551362050247941,Reply to @itsavage Problem solved‚Ä¶ @theswitchbot #switchbot  #smart #tech #smarthome #gadget #lazy,2021-08-12 22:32:08,7100000,281200,13,576x1024,540p,h264,https://www.tiktok.com/@thejunglebadger/video/6995551362050247941,thejunglebadger,Best Online Finds,6890081975471358977,MS4wLjABAAAAVKdWJVqPXfZn08L-R6BzRJUTS_Hesb4AM0cSv2pLrv1afxCJ_ib0p-VVZkGxvxLn,False,2700000,6758172399012677634,Buttercup,Jack Stauber,False,https://sf16-ies-music-sg.tiktokcdn.com/obj/tos-alisg-ve-2774/oE9dvCBeubDBAiZRnPIfXOQtgIWwBwFM1oxDiB,"switchbot, smart, tech, smarthome, gadget, lazy",Global,viral,12.54682499510009,False,Train,1,2.6390573296152584,15.775605482856605,0.5625,98,6,2,0,0,0,22,12,8,late,0,-0.5000000000000004,0.8660254037844384,0,0,1,0,6,1
7050372096538447106,Who needs a a helper when you already have a smart home?ü§≠ #homeautomation #smarthomesg #smarthome,2022-01-07 16:04:34,75700,1899,16,576x1024,540p,h264,https://www.tiktok.com/@smarthomesolutionssg/video/7050372096538447106,smarthomesolutionssg,Smart Home Solutions Singapore,6838177033169699841,MS4wLjABAAAA57u-0lrv2Njbbck0J2UsWeJfuPj61NYjrVfAZ5_NhwSpN7jDv5yqKut-zaoenvvP,False,9463,6869199442923408134,super rich kids,alchemizor,True,https://v58.tiktokcdn.com/video/tos/useast2a/tos-useast2a-v-27dcd7/f1087f9784c34acd8d94aacba7192e4c/?a=1180&bti=ODszNWYuMDE6&ch=0&cr=0&dr=0&er=0&lr=default&cd=0%7C0%7C0%7C0&br=246&bt=123&ds=5&ft=.NpOcInz7ThnmkeKXq8Zmo&mime_type=audio_mp4&qs=13&rc=M2k0NDVuOzg3dzMzNDU8M0BpM2k0NDVuOzg3dzMzNDU8M0AxMWBwX2BrbV5fLS1fMTZzYSMxMWBwX2BrbV5fLS1fMTZzcw%3D%3D&vvpl=1&l=2025092523062243F3583432CAF30AD365&VExpiration=1758899204&VSignature=kpP0pzTDQqNu5_3bUiH4tA&btag=e00078000&cc=14,"homeautomation, smarthomesg, smarthome",SG,viral,7.549609165154532,False,Train,1,2.833213344056216,11.234546649377918,0.5625,97,3,0,0,0,1,16,7,1,work,0,-0.8660254037844384,-0.5000000000000004,0,1,1,0,3,1
7106156503836445998,"Whether you‚Äôre trying to üöø, ü•ò, or üßπ, I‚Äôve got you covered with this #SmartHome #Technology! #AmazonAlexa #Tech #SmartHomeInspiration #SmartHomeTechnology",2022-06-06 23:56:34,2700000,186100,27,576x1024,540p,h264,https://www.tiktok.com/@amazonalexa/video/7106156503836445998,amazonalexa,Alexa,6779270077473735685,MS4wLjABAAAA4YWQBRS81RsBzrxqhVldK7VzhXDeNEaxdVh_QW8eGZN5uA70OjXqWe8voOphSXzD,True,1300000,7106156476472789803,Smart Homes Just Make Sense 2,Alexa,True,https://v58.tiktokcdn.com/video/tos/maliva/tos-maliva-v-27dcd7c799-us/d746cd11196044dcbff6841c22867ded/?a=1180&bti=ODszNWYuMDE6&ch=0&cr=0&dr=0&er=0&lr=default&cd=0%7C0%7C0%7C0&br=248&bt=124&ds=5&ft=.NpOcInz7Th-lkeKXq8Zmo&mime_type=video_mp4&qs=13&rc=amw5bjo6ZmY1ZDMzZzU8NEBpamw5bjo6ZmY1ZDMzZzU8NEBuamtscjRnNGNgLS1kMS9zYSNuamtscjRnNGNgLS1kMS9zcw%3D%3D&vvpl=1&l=202509252324019CE547CA1468DF0BCC3A&VExpiration=1758900268&VSignature=3xdxZhuI7258fg8VwUxIng&btag=e00078000&cc=14,"smarthome, technology, amazonalexa, tech, smarthomeinspiration, smarthometechnology",Global,viral,12.134044816071038,False,Train,1,3.332204510175204,14.80876270134486,0.5625,153,6,0,0,0,4,23,6,6,late,0,-0.25881904510252157,0.9659258262890681,1,1,1,0,6,1
7118269108319259906,"Turning off the lights and fans, and opening the curtains with Apple Home in this client‚Äôs Homesmart.sg smart home! Apple HomeKit is, in our opinion, the best platform to control your smart home due to its ease-of-use, powerful features, and native integration with your Apple devices. And with Homesmart.sg, you can now integrate lights, fans, curtains (and much more!) into your Apple Home smart home.#homesmart #design #home #aqara #smartsecurity #smarthome #smartliving #smartlighting",2022-07-09 15:19:42,125900,1987,23,576x1024,540p,h264,https://www.tiktok.com/@homesmart.sg/video/7118269108319259906,homesmart.sg,homesmart.sg,7034655691780473857,MS4wLjABAAAA7XU5zqlX8b6qsMaCRtIKC8e1FSdMshuBlUPwrUaeawa5f1DT0inwgkXoweOh-iW2,False,91900,7028571054696040449,Sunshine,OneRepublic,False,https://sf16-ies-music-sg.tiktokcdn.com/obj/tos-alisg-ve-2774/oc8ThUX0DYMiGi7MCLFdQSZOJBffmqBQE8gatk,"homesmart, design, home, aqara, smartsecurity, smarthome, smartliving, smartlighting",SG,viral,7.59488438721652,False,Train,1,3.1780538303479458,11.74325116281265,0.5625,488,8,0,0,0,14,15,9,7,work,1,-0.7071067811865471,-0.7071067811865479,0,0,1,0,8,1
7122084866186841345,Dont know whats best for your home? Let us help you üòá Start your smart home journey with us today! ‚ú® #sgtiktok,2022-07-19 22:06:49,103900,2207,43,576x1024,540p,h264,https://www.tiktok.com/@smarthomesolutionssg/video/7122084866186841345,smarthomesolutionssg,Smart Home Solutions Singapore,6838177033169699841,MS4wLjABAAAA57u-0lrv2Njbbck0J2UsWeJfuPj61NYjrVfAZ5_NhwSpN7jDv5yqKut-zaoenvvP,False,9463,6792956373559691266,Roxanne - Instrumental,Califa Azul,False,https://sf16-ies-music-sg.tiktokcdn.com/obj/tos-alisg-ve-2774/0a0d743b51564fbd96b8860762a9c05b,sgtiktok,SG,viral,7.699842407396986,False,Train,1,3.784189633918261,11.551193801680078,0.5625,110,1,0,0,0,2,22,19,7,late,0,-0.5000000000000004,0.8660254037844384,0,0,1,0,1,1
7166538032642854146,The future of houses with Futurahaus ‚ú®üè† #futurahaus #smarthometechnology #smartliving #smarthouse #homeautomation #motorisedcurtains #smartlights #control4,2022-11-16 17:07:49,60800,429,16,576x1024,540p,h264,https://www.tiktok.com/@futurahaus/video/7166538032642854146,futurahaus,Futurahaus SG Smart Home,6995248534434956289,MS4wLjABAAAApfrhTsGHk2cIuFwjtix49I7IVa7xJ2i5Id3MgLpLSuYydQ0SGFcAG6cAXsqyROCz,False,3461,7070678030062013226,BRENT MORGAN What Dreams Are Made Of,Brent Morgan,True,https://v16m.tiktokcdn.com/7e73ad50a0ddca920705440f1556832a/68d6b0db/video/tos/maliva/tos-maliva-v-27dcd7c799-us/8e101b0a2e4f41ea956c56f72d6118d0/?a=1180&bti=ODszNWYuMDE6&ch=0&cr=0&dr=0&er=0&lr=default&cd=0%7C0%7C0%7C0&br=246&bt=123&ds=5&ft=.NpOcInz7ThQakeKXq8Zmo&mime_type=audio_mp4&qs=13&rc=ajRyajo6Zmk0OzMzZzU8NEBpajRyajo6Zmk0OzMzZzU8NEBvZm5xcjQwZGRgLS1kMS9zYSNvZm5xcjQwZGRgLS1kMS9zcw%3D%3D&vvpl=1&l=20250925232701AFA5E58AFAE0B60CDCA8&btag=e00078000&cc=3,"futurahaus, smarthometechnology, smartliving, smarthouse, homeautomation, motorisedcurtains, smartlights, control4",SG,mid-viral,6.063785208687608,False,Train,1,2.833213344056216,11.015361515187424,0.5625,155,8,0,0,0,0,17,16,11,evening,0,-0.9659258262890683,-0.25881904510252063,0,1,1,0,8,1
7226768409327848705,5 things in my #smarthome that just #makesense #fy #fyp #foryou #hdb #interordesign #sgtiktok #home ,2023-04-28 00:32:26,283600,8002,19,576x1024,540p,h264,https://www.tiktok.com/@puchi.home/video/7226768409327848705,puchi.home,Puchi Home,7207445247272977413,MS4wLjABAAAAZCqQHp5xhvq9AAy0PYQJovJzTYFlPwtyq3BOIu6UtngeRcqtVxUtS5ZLoGOt8j18,False,10200,7201947689775958790,Bim Bom by Jo√£o Gilberto,Sonya,True,https://v58.tiktokcdn.com/video/tos/useast2a/tos-useast2a-v-27dcd7/99cff16d1eb14c0fb5683f86dd7491c6/?a=1180&bti=ODszNWYuMDE6&ch=0&cr=0&dr=0&er=0&lr=default&cd=0%7C0%7C0%7C0&br=250&bt=125&ds=5&ft=.NpOcInz7ThFmkeKXq8Zmo&mime_type=audio_mpeg&qs=13&rc=M3dyazk6Zms6aTMzNzU8M0BpM3dyazk6Zms6aTMzNzU8M0BgcmBmcjRvXm1gLS1kMTZzYSNgcmBmcjRvXm1gLS1kMTZzcw%3D%3D&vvpl=1&l=202509252306101474A0CF006BEB0C8E3D&VExpiration=1758899190&VSignature=3QEfn7nH3md6SiFkkAla4A&btag=e00078000&cc=14,"smarthome, makesense, fy, fyp, foryou, hdb, interordesign, sgtiktok, home",SG,viral,8.987571750367046,False,Train,1,2.995732273553991,12.555323599726982,0.5625,100,9,0,0,0,0,0,28,4,late,0,0.0,1.0,0,1,1,0,9,1
7256958060546034945,üè†üí° Wanna level up your home? Tuya Smart got you covered!  üåêüì± Connect & control all your smart devices with a single app.  üöÄüîå Ready for a smarter living?  #tradehub21 #lifetechsg #singapore #smart #home #tuyasmart #tuyasmarthome ,2023-07-18 09:03:47,8215,41,63,576x1024,540p,h264,https://www.tiktok.com/@lifetechsg/video/7256958060546034945,lifetechsg,LIFE TECH SG,6999205101740295170,MS4wLjABAAAAqDdU-KmCbBrKN9gP9MYiWt3Q-RBzXBFRowMFNQyCyRDSLfv2Y5mJgVXudIlvs4Uq,False,9641,6867663002858948609,Happy People,Inspired,False,https://sf16-music-sign.tiktokcdn.com/obj/tos-alisg-ve-2774/oMMHGQWQSMyTnXxafgc8auVlJfCfCzARnRI5FD?lk3s=08d74b56&x-expires=1758835677&x-signature=NlZzXOaxBuMhx5T6gpUpE3CJahQ%3D,"tradehub21, lifetechsg, singapore, smart, home, tuyasmart, tuyasmarthome",SG,mid-viral,3.737669618283368,False,Train,1,4.1588830833596715,9.013838751608395,0.5625,228,7,0,0,0,4,9,18,7,commute,0,0.7071067811865476,-0.7071067811865475,0,0,1,0,7,1
7268383374119570721,Making a Smart Home shouldn‚Äôt be expensive or inconvenient. Let‚Äôs start our #smarthomejourney by clearing some misconceptions. #smarthome #tech #techtok ,2023-08-18 03:59:43,126700,5274,62,576x1024,540p,h264,https://www.tiktok.com/@plassonade/video/7268383374119570721,plassonade,Loris | Smart Home üè°,6772142782033576966,MS4wLjABAAAA5XKiMgP6T-vu8ncPuGHAhHaPeG-_jDfEjYPSBEn3UZjk4PtBDkCg-cHeyv9oOJ-I,False,149500,7268383362975419168,original sound,Loris | Smart Home üè°,True,https://v77.tiktokcdn.com/5ae719d17deb9421f4112d85983a0b26/68d6b099/video/tos/useast2a/tos-useast2a-v-2370-euttp/ogGIPIfKQCwZDgIDJeb8nknBNA3WkDUPDAIzA8/?a=1180&bti=ODszNWYuMDE6&ch=0&cr=0&dr=0&er=0&lr=default&cd=0%7C0%7C0%7C0&br=250&bt=125&ds=5&ft=.NpOcInz7ThD~keKXq8Zmo&mime_type=audio_mpeg&qs=13&rc=MzRqOjc6ZmY6bTMzZjU8M0BpMzRqOjc6ZmY6bTMzZjU8M0BtY2Q1cjRvbGNgLS1kMWNzYSNtY2Q1cjRvbGNgLS1kMWNzcw%3D%3D&vvpl=1&l=20250925232515F4744B3E1697B20C733C&btag=e00050000&cc=13,"smarthomejourney, smarthome, tech, techtok",Global,mid-viral,8.570733958344267,False,Train,1,4.143134726391533,11.749585258937909,0.5625,153,4,0,0,0,2,3,18,8,late,0,0.7071067811865475,0.7071067811865476,0,1,1,0,4,1
7272820193456295174,Turning Regular Laundry Machines into Smart Home Appliances! üß∫ #smarthome #smarthometechnology #smarthomeinspiration ,2023-08-30 02:56:50,35900,775,18,576x1024,540p,h264,https://www.tiktok.com/@.hoobs/video/7272820193456295174,.hoobs,HOOBS | Smart Home Hub ‚ö°Ô∏èüè†,7256919334131057669,MS4wLjABAAAACmbRIx9JOvREz8b_RThdpHtf0TNqv67Gq8S8kP2eMUl1qExd4XH_tcAO5GN0cD4n,False,31300,7272820251145603846,original sound,HOOBS | Smart Home Hub ‚ö°Ô∏èüè†,True,https://v77.tiktokcdn.com/aab1ddecd5b24970fa19870d2f838b77/68d6b086/video/tos/useast2a/tos-useast2a-v-27dcd7/oYD7ESDnAebClE8APJHuoyKE3Aew3TE3BfCWwg/?a=1180&bti=ODszNWYuMDE6&ch=0&cr=0&dr=0&er=0&lr=default&cd=0%7C0%7C0%7C0&br=250&bt=125&ds=5&ft=.NpOcInz7Thb~keKXq8Zmo&mime_type=audio_mpeg&qs=13&rc=M2w5ZzU6Znk2bTMzNzU8M0BpM2w5ZzU6Znk2bTMzNzU8M0AyX2xjcjRvcmtgLS1kMTZzYSMyX2xjcjRvcmtgLS1kMTZzcw%3D%3D&vvpl=1&l=202509252325404055A6D2C271910D61A5&btag=e00078000&cc=13,"smarthome, smarthometechnology, smarthomeinspiration",Global,mid-viral,6.654152520183219,False,Train,1,2.9444389791664403,10.488520429241627,0.5625,117,3,0,0,0,1,2,30,8,late,0,0.49999999999999994,0.8660254037844387,0,1,1,0,3,1
7282414941955558662,"My Tech Home Tour | Smart Home Guide üë®üèΩ‚Äçüíª ‚úé--------------------------------------- I made a whole super basic smart home guide that can help you guys sort off get started üññüèΩü§ì Its really simple, nothing too complicated. I hope you guys like it!  Check it out in the BIO! ‚úé--------------------------------------- ‚Ä¢ ‚Ä¢ #tech #home #condo #automation #smarthome #foryou #realestate ",2023-09-24 23:29:21,777000,81900,13,576x1024,540p,h264,https://www.tiktok.com/@andresvidoza/video/7282414941955558662,andresvidoza,andresvidoza,6740449439167005702,MS4wLjABAAAAbhzxku_PXPyzz7QZ7-kMCoL6yDBhss5ryxZR0Dz4PsqDAYC0p8itYJ9SLo7yHrWx,False,227400,7257359255815292929,Le Monde - From Talk to Me,Richard Carter,False,https://sf16-ies-music-sg.tiktokcdn.com/obj/tos-alisg-ve-2774/okZAADPfYCQK75dttBDE9kbqmQhZg8Fcl4BQaf,"tech, home, condo, automation, smarthome, foryou, realestate",Global,viral,11.313266479778829,False,Train,2,2.6390573296152584,13.563196916350243,0.5625,377,7,0,0,0,4,23,24,9,late,1,-0.25881904510252157,0.9659258262890681,0,0,1,0,7,1
7286439579064864007,@Johnathan Chua in disbelief that his house is so ‚ú®smart‚ú® üîólink in bio for the full featureüîó¬†#sghome #hometour #sgreno #johnathanchua #tiktoksg #fyp,2023-10-05 19:47:01,484100,24400,176,576x1024,540p,h264,https://www.tiktok.com/@uchify.sg/video/7286439579064864007,uchify.sg,uchify.sgüè†,7021516080662004738,MS4wLjABAAAAcviYkHE-7dEYdL1kl1OgP9LO_IJ8ISSIlfWMAf8A-z6h8Z2ObnDNEAupvxQ-OhpY,False,82600,7286439622916262657,original sound - uchify.sgüè†,uchify.sgüè†,True,https://v77.tiktokcdn.com/cb87735839564dcb77d8b082aee9364b/68d6acaa/video/tos/alisg/tos-alisg-v-27dcd7/oU3e7KIDAYJsAItIYBelCoAngEQXABSjbqHU2I/?a=1180&bti=ODszNWYuMDE6&ch=0&cr=0&dr=0&er=0&lr=default&cd=0%7C0%7C0%7C0&br=250&bt=125&ds=5&ft=.NpOcInz7ThYmkeKXq8Zmo&mime_type=audio_mpeg&qs=13&rc=M3VzbTc6ZmhkbjMzODU8NEBpM3VzbTc6ZmhkbjMzODU8NEBlai8vcjRvMWNgLS1kMS1zYSNlai8vcjRvMWNgLS1kMS1zcw%3D%3D&vvpl=1&l=202509252306339582329D19C74B0D1E5C&btag=e00050000&cc=13,"sghome, hometour, sgreno, johnathanchua, tiktoksg, fyp",SG,viral,10.102379394048045,False,Train,2,5.176149732573829,13.090048841614559,0.5625,148,6,1,0,1,0,19,5,10,evening,0,-0.9659258262890684,0.2588190451025203,0,1,1,0,6,1
7300403631340211463,Creating ambience with smart LED strips #tiktoksg #fyp #smarthome #homedecor #lights #smartlights #smartledstrip ,2023-11-12 10:54:41,717,8,31,576x1024,540p,h264,https://www.tiktok.com/@outsmartofficial/video/7300403631340211463,outsmartofficial,Outsmart¬Æ Home Automation,6909128772886234118,MS4wLjABAAAAC1KyS2V35rquqH2h4TYMAwUo_ffPPLra2pXjTgm-fpv0tFoORQ3pxi8zkawdsp_h,False,1009,7300403746247379714,original sound - Outsmart¬Æ Home Automation,Outsmart¬Æ Home Automation,True,https://v16m.tiktokcdn.com/9fa68cb49151b93267664ec666e8a02d/68d6b011/video/tos/alisg/tos-alisg-v-27dcd7/okKBQidpguJj2Q8AgmfYATqVPfenouVBfGN4Fh/?a=1180&bti=ODszNWYuMDE6&ch=0&cr=0&dr=0&er=0&lr=default&cd=0%7C0%7C0%7C0&br=250&bt=125&ft=.NpOcInz7ThABkeKXq8Zmo&mime_type=audio_mpeg&qs=6&rc=aWg0PDg6NTk8N2ZmaDo0ZkBpanF0NnQ5cjQ2bzMzODU8NEBjY2MuYDU2NjIxMy4vLi0uYSNyZjNxMmQ0cTVgLS1kMS1zcw%3D%3D&vvpl=1&l=20250925232329D9B514873FF5000C7A8C&btag=e00088000&cc=3,"tiktoksg, fyp, smarthome, homedecor, lights, smartlights, smartledstrip",SG,non-viral,2.1972245773362196,False,Train,2,3.4657359027997265,6.576469569048224,0.5625,113,7,0,0,0,0,10,12,11,work,1,0.49999999999999994,-0.8660254037844387,0,1,1,0,7,1
7325601228078189870,"Starting a smart home doesn‚Äôt have to be complicated! If you are seeking an easier way to upgrade your space, I recommend the EcoSmart Hubspace bulbs from @The Home Depot. Set-up is a breeze, and they are also super renter-friendly! #HomeDepotPartner #smarthome #smartlights #smartlighting #smartbulb¬†#THDEcoSmart",2024-01-19 08:34:47,152700,4232,37,576x1024,540p,h264,https://www.tiktok.com/@techiedani/video/7325601228078189870,techiedani,Techie Dani üë©üèº‚Äçüíª,6759736006624281606,MS4wLjABAAAAcdGg94nGfesi7QrPctcYt-q49_P_KxofhNEoM0z7LoGSl5X-Iugdsg71yufoXKF6,False,473100,7325601392046099243,original sound,Techie Dani üë©üèº‚Äçüíª,True,https://v77.tiktokcdn.com/857c7c176ebf60c4dfc18686798b36ce/68d6b09f/video/tos/maliva/tos-maliva-v-27dcd7c799-us/oEenw4RkUCHLviLEAEFA8AEhRfdA6LFfGoTpIC/?a=1180&bti=ODszNWYuMDE6&ch=0&cr=0&dr=0&er=0&lr=default&cd=0%7C0%7C0%7C0&br=250&bt=125&ds=5&ft=.NpOcInz7ThY~keKXq8Zmo&mime_type=audio_mpeg&qs=13&rc=amt2eXk5cmR2cDMzZzU8NEBpamt2eXk5cmR2cDMzZzU8NEAyXnE0MmQ0NGhgLS1kMS9zYSMyXnE0MmQ0NGhgLS1kMS9zcw%3D%3D&vvpl=1&l=2025092523254610424B01F2EDAD0C2E09&btag=e00048000&cc=13,"homedepotpartner, smarthome, smartlights, smartlighting, smartbulb, thdecosmart",Global,mid-viral,8.350666240520924,False,Train,2,3.6375861597263857,11.936237039973754,0.5625,313,6,1,0,0,5,8,19,1,commute,0,0.8660254037844387,-0.49999999999999983,0,1,1,0,6,1
7339811956792085768,What RGBIC light strip can do #smarthome #sgtiktok #tiktoksmarthome #sgsmarthome ,2024-02-26 15:39:10,723,5,17,576x1024,540p,h264,https://www.tiktok.com/@outsmartofficial/video/7339811956792085768,outsmartofficial,Outsmart¬Æ Home Automation,6909128772886234118,MS4wLjABAAAAC1KyS2V35rquqH2h4TYMAwUo_ffPPLra2pXjTgm-fpv0tFoORQ3pxi8zkawdsp_h,False,1009,6777237779509151746,Swear By It,Chris Alan Lee,False,https://sf16-ies-music-sg.tiktokcdn.com/obj/tos-alisg-ve-2774/b9ee9920519c4530b75d800e4152a347,"smarthome, sgtiktok, tiktoksmarthome, sgsmarthome",SG,non-viral,1.791759469228055,False,Train,2,2.8903717578961645,6.584791392385716,0.5625,81,4,0,0,0,0,15,26,2,work,0,-0.7071067811865471,-0.7071067811865479,0,0,1,0,4,1
7382207567855897873,Okay! Go see for yourself @Futurahaus SG Smart Home best smart home option you can find in SGü´∂üèª,2024-06-19 21:35:46,14600,231,140,576x1024,540p,h264,https://www.tiktok.com/@samanthatyf/video/7382207567855897873,samanthatyf,Samantha Tanyifen,6541498400294354945,MS4wLjABAAAAhXMuA54MbNk7HZNrohxXpzlhdTNLSsawM2fviHehNOatqAC_fcSf_MCWgiQgTOS-,False,55400,7382207616405080848,original sound - Samantha Tanyifen,Samantha Tanyifen,True,https://v16m.tiktokcdn.com/2912cae67c1fdf386b6437e33d51aa52/68d6ac4f/video/tos/alisg/tos-alisg-v-27dcd7/ogSb99AoEiQkcmAAW3zKyBrAOE5CorAfwBIiBE/?a=1180&bti=ODszNWYuMDE6&ch=0&cr=0&dr=0&er=0&lr=default&cd=0%7C0%7C0%7C0&br=250&bt=125&ds=5&ft=.NpOcInz7ThrmkeKXq8Zmo&mime_type=audio_mpeg&qs=13&rc=M2psM3c5cmdnczMzODU8NEBpM2psM3c5cmdnczMzODU8NEBoamgxMmRzcW1gLS1kMS1zYSNoamgxMmRzcW1gLS1kMS1zcw%3D%3D&vvpl=1&l=20250925230539D9E8016B9BCAAC0AF35A&btag=e00050000&cc=3,,SG,viral,5.44673737166631,False,Train,2,4.948759890378168,9.588845298501564,0.5625,95,0,1,0,0,1,21,19,6,evening,0,-0.7071067811865477,0.7071067811865474,0,1,1,0,0,0
7388078680523787538,Smart Homes for the Millenniums: Never lift a finger‚òùüèºJust use voice control and let Smart Machines Do It All. HOW COOL IS THAT? üòé Interior design | sg condo | smart home design #design4space #smarthomedesign #voicecontrolhome #moderndesign #smarthomesystem #renovation #interiorsg #singaporecondo #ecoplysg,2024-07-05 17:18:40,24400,179,53,576x1024,540p,h264,https://www.tiktok.com/@design4space/video/7388078680523787538,design4space,Design 4 Space ÂõõÁª¥Á©∫Èó¥,6747309276362392578,MS4wLjABAAAAMpWOVSdx273NBqu3BYA_wTfIWF1Gvicda2opZaLYuJg7Qq0cWdH55XfpIMD3giZ2,False,5327,7388078717169371921,original sound,Design 4 Space ÂõõÁª¥Á©∫Èó¥,True,https://v77.tiktokcdn.com/83cada43deb15d5c01697be71416a025/68d6b107/video/tos/alisg/tos-alisg-v-27dcd7/ocmCEH7UCDENAgAA4uhBfFn9pBQ4zEeqJ7hFRA/?a=1180&bti=ODszNWYuMDE6&ch=0&cr=0&dr=0&er=0&lr=default&cd=0%7C0%7C0%7C0&br=250&bt=125&ds=5&ft=.NpOcInz7ThBakeKXq8Zmo&mime_type=audio_mpeg&qs=13&rc=M3VucXg5cnZ1dDMzODU8NEBpM3VucXg5cnZ1dDMzODU8NEBwLmRuMmRzaDBgLS1kMS1zYSNwLmRuMmRzaDBgLS1kMS1zcw%3D%3D&vvpl=1&l=202509252327143950DC7F6F960C0E61BA&btag=e00048000&cc=13,"design4space, smarthomedesign, voicecontrolhome, moderndesign, smarthomesystem, renovation, interiorsg, singaporecondo, ecoplysg",SG,mid-viral,5.19295685089021,False,Train,2,3.9889840465642745,10.102379394048045,0.5625,307,9,0,0,0,2,17,5,7,evening,0,-0.9659258262890683,-0.25881904510252063,0,1,1,0,9,1
7390688211606965511,Take a look inside this super cool smart home! üòç #SmartHome #HomeAutomation #TechLife #IntlifeSmartHome #FutureLiving #Technology,2024-07-12 18:04:56,349700,13000,89,576x1024,540p,h264,https://www.tiktok.com/@malaysiahomie/video/7390688211606965511,malaysiahomie,Malaysia Homie,6771271400781186049,MS4wLjABAAAApIilJQd6ZVGcCVe9f1q4230B7nwQqWg885FI5pG-itO9r6-th4CaTFWDoNuNdYnS,False,342800,7390688240271182609,original sound - Malaysia Homie,Malaysia Homie,True,https://v77.tiktokcdn.com/4669d305ec131a1007979b091cd73225/68d6b095/video/tos/alisg/tos-alisg-v-27dcd7/o8vf8AAc0EMMb8ehK3LIAeGZhhSM1xAIIPeoAf/?a=1180&bti=ODszNWYuMDE6&ch=0&cr=0&dr=0&er=0&lr=default&cd=0%7C0%7C0%7C0&br=250&bt=125&ds=5&ft=.NpOcInz7ThilkeKXq8Zmo&mime_type=audio_mpeg&qs=13&rc=M3h3eHc5cm1pdDMzODU8NEBpM3h3eHc5cm1pdDMzODU8NEA0NXNtMmQ0czVgLS1kMS1zYSM0NXNtMmQ0czVgLS1kMS1zcw%3D%3D&vvpl=1&l=20250925232444AE1365BC936D180F3861&btag=e00050000&cc=13,"smarthome, homeautomation, techlife, intlifesmarthome, futureliving, technology",Global,viral,9.472781556562168,False,Train,2,4.499809670330265,12.764833782641317,0.5625,129,6,0,0,0,1,18,12,7,evening,0,-1.0,-1.8369701987210297e-16,0,1,1,0,6,1
7391816340396444935,what‚Äôs your favourite smart home purchase? maybe i‚Äôll get that next! the switchbot curtain is linked in my storefront #smarthome #tech #gadget #switchbot #amazon #amazonfinds #amazonhaul #amazonmusthaves #amazonprime #amazonaustralia #siri #homepod #apple #automation ,2024-07-15 19:02:39,33000,1048,87,576x1024,540p,h264,https://www.tiktok.com/@brad/video/7391816340396444935,brad,Brad Canning,125607971601944576,MS4wLjABAAAADdN3OnLhjniq3ct8yL0MyjSsjd8ryGSaKzDhd8PW7102dPH1iCCYtfRYK3uVrZii,True,666300,6998997669163042818,Yacht Club,MusicBox,False,https://sf16-ies-music-sg.tiktokcdn.com/obj/tos-alisg-ve-2774/31ef3728989d4b849eb7053e3a3418ab,"smarthome, tech, gadget, switchbot, amazon, amazonfinds, amazonhaul, amazonmusthaves, amazonprime, amazonaustralia, siri, homepod, apple, automation",Global,mid-viral,6.955592608396297,False,Train,2,4.477336814478207,10.404293143019792,0.5625,268,14,0,0,0,2,19,15,7,evening,0,-0.9659258262890684,0.2588190451025203,1,0,1,0,14,1
7405072626927815943,recent smart home upgrade,2024-08-20 12:23:50,204400,3684,32,576x1024,540p,h264,https://www.tiktok.com/@puchi.home/video/7405072626927815943,puchi.home,Puchi Home,7207445247272977413,MS4wLjABAAAAZCqQHp5xhvq9AAy0PYQJovJzTYFlPwtyq3BOIu6UtngeRcqtVxUtS5ZLoGOt8j18,False,10200,7304653959367887648,Yasashi,CXSPER,False,https://sf16-ies-music-sg.tiktokcdn.com/obj/tos-alisg-ve-2774/o4flZ7ZWtODty0xEmpFQHISABpqSMgBfKgJQ7C,,SG,viral,8.212025804623437,False,Train,3,3.4965075614664802,12.227839029667624,0.5625,25,0,0,0,0,0,12,20,8,work,0,1.2246467991473532e-16,-1.0,0,0,1,0,0,0
7407537007624244513,"Sharing my smart bedroom setup with you. It‚Äôs incredible what you can do with just the right sensor, a free software (Home Assistant) and a few smart lights. #smarthome #homeassistant #homeautomation #techtok #fyp ",2024-08-27 03:46:56,2000000,154000,88,576x1024,540p,h264,https://www.tiktok.com/@plassonade/video/7407537007624244513,plassonade,Loris | Smart Home üè°,6772142782033576966,MS4wLjABAAAA5XKiMgP6T-vu8ncPuGHAhHaPeG-_jDfEjYPSBEn3UZjk4PtBDkCg-cHeyv9oOJ-I,False,149500,7407537052218051360,original sound,Loris | Smart Home üè°,True,https://v77.tiktokcdn.com/97e83cf0cbf41fb5784ed071b406eeb3/68d6b06f/video/tos/useast2a/tos-useast2a-v-2370-euttp/o0EMEADAJ2RzCZDmPFDhfkXfjurU2EAQP6N7BQ/?a=1180&bti=ODszNWYuMDE6&ch=0&cr=0&dr=0&er=0&lr=default&cd=0%7C0%7C0%7C0&br=250&bt=125&ds=5&ft=.NpOcInz7TholkeKXq8Zmo&mime_type=audio_mpeg&qs=13&rc=ajc6eW85cmdndTMzZjU8M0Bpajc6eW85cmdndTMzZjU8M0BlaW5nMmRrazNgLS1kMWNzYSNlaW5nMmRrazNgLS1kMWNzcw%3D%3D&vvpl=1&l=20250925232407BB2FFBBECD40A70CD3AE&btag=e00050000&cc=13,"smarthome, homeassistant, homeautomation, techtok, fyp",Global,viral,11.944714374881176,False,Train,3,4.48863636973214,14.508658238524095,0.5625,214,5,0,0,0,3,3,27,8,late,0,0.7071067811865475,0.7071067811865476,0,1,1,0,5,1
7408604115791580448,The Smart Lock Pro üîê from @SwitchBot is the ultimate smart home addition üî• Get yours through üîó in my b!0 üòâ #switchbot #smartlockpro #gadget #smarthome #tech #robot #tiktokmademebuyit,2024-08-30 00:47:51,2000000,27500,27,576x1024,540p,h264,https://www.tiktok.com/@techdropp/video/7408604115791580448,techdropp,Tech Drop,6924592307078300678,MS4wLjABAAAAjqGHqc-iOQ0Sle3OX7RkMCHtxlKY4bRSVc7RvWzCTGTYKiSWtjT0F1y6uz2Zw_oO,False,463200,7408604123681737504,original sound,Tech Drop,True,https://v58.tiktokcdn.com/video/tos/useast2a/tos-useast2a-v-2370-euttp/oYDbAEfAYEp04FpUkPgfD65jcpAkBJQDQmEKCD/?a=1180&bti=ODszNWYuMDE6&ch=0&cr=0&dr=0&er=0&lr=default&cd=0%7C0%7C0%7C0&br=250&bt=125&ds=5&ft=.NpOcInz7ThJlkeKXq8Zmo&mime_type=audio_mpeg&qs=13&rc=MzdkcHk5cmhkdTMzZjU8M0BpMzdkcHk5cmhkdTMzZjU8M0BmZ3MuMmQ0YDVgLS1kMWNzYSNmZ3MuMmQ0YDVgLS1kMWNzcw%3D%3D&vvpl=1&l=20250925232437C646BF260B21090D1736&VExpiration=1758900305&VSignature=4Nca5RVggUTILnm6lkCx8w&btag=e00078000&cc=14,"switchbot, smartlockpro, gadget, smarthome, tech, robot, tiktokmademebuyit",Global,viral,10.221977646629885,False,Train,3,3.332204510175204,14.508658238524095,0.5625,182,7,1,0,0,1,0,30,8,late,0,0.0,1.0,0,1,1,0,7,1
7411242918377196806,The future of smart switches ‚ù§Ô∏è  #smarthome #aqara ,2024-09-06 03:27:47,17300,315,13,576x1024,540p,h264,https://www.tiktok.com/@bumblebeesecurity/video/7411242918377196806,bumblebeesecurity,Bumblebee Security,7000290792447689734,MS4wLjABAAAAs_Zn-0ag1YMC5fSnTk6kxByl8E0KPHpOM2UJXcpAgQQxdbu05R3sQWxxPEa9DvZ9,False,64100,7411242939514866438,original sound,Bumblebee Security,True,https://v77.tiktokcdn.com/d0af0439ec730518057b738b029551a0/68d6b0fe/video/tos/useast2a/tos-useast2a-v-27dcd7/ogBrxqAuIILnrfACADNo0GGCtIveSqAegEYLGT/?a=1180&bti=ODszNWYuMDE6&ch=0&cr=0&dr=0&er=0&lr=default&cd=0%7C0%7C0%7C0&br=250&bt=125&ds=5&ft=.NpOcInz7Th3akeKXq8Zmo&mime_type=audio_mpeg&qs=13&rc=ajhpNnQ5cmczdTMzNzU8M0BpajhpNnQ5cmczdTMzNzU8M0BvXm5nMmRjYGFgLS1kMTZzYSNvXm5nMmRjYGFgLS1kMTZzcw%3D%3D&vvpl=1&l=202509252327455E7258998F5F480E2268&btag=e00070000&cc=13,"smarthome, aqara",SG,mid-viral,5.755742213586912,False,Train,3,2.6390573296152584,9.758519582283522,0.5625,51,2,0,0,0,0,3,6,9,late,0,0.7071067811865475,0.7071067811865476,0,1,1,0,2,1
7416143555502050603,some of my tech essentials in the bedroom #tech #home #smarthome ,2024-09-19 08:24:43,791400,65900,52,576x1024,540p,h264,https://www.tiktok.com/@bentaylor_nyc/video/7416143555502050603,bentaylor_nyc,Ben Taylor,6759239338804003846,MS4wLjABAAAAKEumsm7MK82Fq47jyDhz_bAqRwieGRnB7lfqxB229AMjkRZcrzBojtTr1HndueUa,False,606700,7416143546304367403,original sound,Ben Taylor,True,https://v77.tiktokcdn.com/35ca416159a4fc5def2485d39f59bd61/68d6b076/video/tos/maliva/tos-maliva-v-27dcd7c799-us/oAD8Am2BJOeiU1iJS6EAP2CSrbgfQm0rAD6E0B/?a=1180&bti=ODszNWYuMDE6&ch=0&cr=0&dr=0&er=0&lr=default&cd=0%7C0%7C0%7C0&br=250&bt=125&ds=5&ft=.NpOcInz7Thh~keKXq8Zmo&mime_type=audio_mpeg&qs=13&rc=M3RmeW45cm1wdTMzZzU8NEBpM3RmeW45cm1wdTMzZzU8NEA1cTIxMmRjcmlgLS1kMS9zYSM1cTIxMmRjcmlgLS1kMS9zcw%3D%3D&vvpl=1&l=20250925232450CEC8665AC541DD0E7515&btag=e00048000&cc=13,"tech, home, smarthome",Global,viral,11.095908894882296,False,Train,3,3.970291913552122,13.581560071516186,0.5625,65,3,0,0,0,0,8,19,9,commute,0,0.8660254037844387,-0.49999999999999983,0,1,1,0,3,1
7432368577182764331,Have you ever seen a smart home like this? üëÄ #fyp #smarthome #texas #luxury #luxuryhomes #luxurylife ,2024-11-02 01:46:06,32000,542,60,576x1024,540p,h264,https://www.tiktok.com/@knownproductions/video/7432368577182764331,knownproductions,KnownProductions,7162959773207168046,MS4wLjABAAAAqLPowxoe8S84hRvQytAcjAqB9wft8qcf9drAXFyxkj2Bq2Bi9wSDfJwEWrVsSUXo,False,1171,7432368511709727530,original sound,KnownProductions,True,https://v77.tiktokcdn.com/d86abb0ec27241d3f4e3c15e16e5b9df/68d6b0aa/video/tos/maliva/tos-maliva-v-27dcd7c799-us/o0eKJnAiJBxEUJaIDCIAq3PfhOEgUFIDApSBAR/?a=1180&bti=ODszNWYuMDE6&ch=0&cr=0&dr=0&er=0&lr=default&cd=0%7C0%7C0%7C0&br=250&bt=125&ds=5&ft=.NpOcInz7Thn~keKXq8Zmo&mime_type=audio_mpeg&qs=13&rc=M293cHU5cnJrdjMzZzU8NEBpM293cHU5cnJrdjMzZzU8NEAtNjFsMmRjNGZgLS1kMS9zYSMtNjFsMmRjNGZgLS1kMS9zcw%3D%3D&vvpl=1&l=2025092523253460F13EF2C4B9820CD515&btag=e00050000&cc=13,"fyp, smarthome, texas, luxury, luxuryhomes, luxurylife",Global,mid-viral,6.297109319933935,False,Train,3,4.110873864173311,10.373522431293592,0.5625,101,6,0,0,0,1,1,2,11,late,1,0.25881904510252074,0.9659258262890683,0,1,1,0,6,1
7436510188028300599,"Reason #20 to Choose DoorBird: Tamper Alerts Stay informed of unauthorized access. DoorBird's tamper alerts notify you instantly if tampering is detected, keeping your property secure. #DoorBird #SmartHome #AdlerSmartHome #DoorBirdSingapore #IntercomSingapore",2024-11-13 05:37:41,376,2,20,576x576,540p,h264,https://www.tiktok.com/@smarthomesingapore/video/7436510188028300599,smarthomesingapore,Adler International Pte Ltd,7361319188541195280,MS4wLjABAAAAeSEtXLABFeYv3wbm4tcPJjoRwFG4WatMUHtvAbKY5if8MJmcCmauR8w5csDeqOIS,False,15,7436510201783716664,original sound - Adler International Pte Ltd,Adler International Pte Ltd,True,https://v58.tiktokcdn.com/video/tos/useast2a/tos-useast2a-v-27dcd7/okAlPCP5HKSiSEUzAAEAizsYsAqlZq4yQBN9i/?a=1180&bti=ODszNWYuMDE6&ch=0&cr=0&dr=0&er=0&lr=default&cd=0%7C0%7C0%7C0&br=250&bt=125&ds=5&ft=.NpOcInz7Th9XkeKXq8Zmo&mime_type=audio_mpeg&qs=13&rc=M2xreHc5cmR2djMzNzU8M0BpM2xreHc5cmR2djMzNzU8M0BqZGFmMmQ0aW1gLS1kMTZzYSNqZGFmMmQ0aW1gLS1kMTZzcw%3D%3D&vvpl=1&l=202509252326545697570D33E8ED0E3938&VExpiration=1758900435&VSignature=B1olexCOusXrU9yUddgJQw&btag=e00078000&cc=14,"20, doorbird, smarthome, adlersmarthome, doorbirdsingapore, intercomsingapore",Global,non-viral,1.0986122886681098,False,Train,3,3.044522437723423,5.932245187448011,1.0,259,6,0,0,0,3,5,13,11,commute,0,0.9659258262890683,0.25881904510252074,0,1,1,0,6,1
7436941135970389304,"Reason #14 to Choose DoorBird: High-Definition Camera See everything clearly. DoorBird's high-definition camera provides a crisp, detailed view of visitors, enhancing security. #DoorBird #InvestInDoorBird #SmartHome #AdlerSmartHome #DoorBirdSingapore #IntercomSingapore",2024-11-14 09:30:04,130,0,21,576x576,540p,h264,https://www.tiktok.com/@smarthomesingapore/video/7436941135970389304,smarthomesingapore,Adler International Pte Ltd,7361319188541195280,MS4wLjABAAAAeSEtXLABFeYv3wbm4tcPJjoRwFG4WatMUHtvAbKY5if8MJmcCmauR8w5csDeqOIS,False,15,7436941171349687096,original sound - Adler International Pte Ltd,Adler International Pte Ltd,True,https://v77.tiktokcdn.com/644144fd3a367a5a032743baf302e62c/68d6b0cd/video/tos/useast2a/tos-useast2a-v-27dcd7/ow8UnASDOCpkkqXFEAAqNEIHoCBqfaegvTITBf/?a=1180&bti=ODszNWYuMDE6&ch=0&cr=0&dr=0&er=0&lr=default&cd=0%7C0%7C0%7C0&br=250&bt=125&ds=5&ft=.NpOcInz7ThwXkeKXq8Zmo&mime_type=audio_mpeg&qs=13&rc=M2w1d2w5cjpvdjMzNzU8M0BpM2w1d2w5cjpvdjMzNzU8M0Bja3AuMmRzMm5gLS1kMTZzYSNja3AuMmRzMm5gLS1kMTZzcw%3D%3D&vvpl=1&l=202509252326486A1E90280ED3E00C9623&btag=e00078000&cc=13,"14, doorbird, investindoorbird, smarthome, adlersmarthome, doorbirdsingapore, intercomsingapore",Global,non-viral,0.0,False,Train,3,3.091042453358316,4.875197323201151,1.0,269,7,0,0,0,4,9,14,11,commute,0,0.7071067811865476,-0.7071067811865475,0,1,1,0,7,1
7441895333245832466,"Curious about how a smart home works? ü§î Or thinking of upgrading but not sure where to start? Let us guide you through the world of smart living! üí°‚ú® Discover how effortless and joyful life can be with a smart home‚Äîso easy, it‚Äôll have you dancing! üíÉüï∫ Come experience it for yourself and take the first step toward smarter living today. üè° What are you waiting for? üöÄ Upgrade your lifestyle now! #Smarthome #smartswitch #smartkitchen #smartlights #Singapore #HomeAutomation #foryou ",2024-11-27 17:54:44,598,8,12,576x1024,540p,h264,https://www.tiktok.com/@mowesmarthome/video/7441895333245832466,mowesmarthome,MoweSmartHome,7066216893920723969,MS4wLjABAAAAe4LgN_rxvIVukqWUfjOkVeWwd6BzaHpQ4NzYlIKnkIkS2NL3G1DpUUDmV3oW_Rpw,False,3142,7441895354645302017,original sound - Mowe Smart Home Singapore,MoweSmartHome,True,https://v77.tiktokcdn.com/c0a9e3bf782cdeca96950a1f84da1fa9/68d6afe0/video/tos/alisg/tos-alisg-v-27dcd7/oUBooEyEBHWY3A7nwifGBWAAGiLuAzAKF7vELG/?a=1180&bti=ODszNWYuMDE6&ch=0&cr=0&dr=0&er=0&lr=default&cd=0%7C0%7C0%7C0&br=250&bt=125&ds=5&ft=.NpOcInz7ThgBkeKXq8Zmo&mime_type=audio_mpeg&qs=13&rc=ajp2dXU5cnNodzMzODU8NEBpajp2dXU5cnNodzMzODU8NEBrYWQyMmRjbDBgLS1kMS1zYSNrYWQyMmRjbDBgLS1kMS1zcw%3D%3D&vvpl=1&l=202509252323001A69B6FB3702C20F6323&btag=e00070000&cc=13,"smarthome, smartswitch, smartkitchen, smartlights, singapore, homeautomation, foryou",SG,non-viral,2.1972245773362196,False,Train,3,2.5649493574615367,6.395261598115449,0.5625,479,7,0,0,0,8,17,27,11,evening,0,-0.9659258262890683,-0.25881904510252063,0,1,1,0,7,1
7455762468644605217,My Top 5 Smart Home Tech Essentials:  Building a smart home used to be something that needed to be built into the foundations of your home. But now with ecosystems like Apple HomeKit and Amazon Alexa it‚Äôs so easy to start creating your dream home! Items in this video: Apple TV 4K Nanoleaf RGB lightstrip (HomeKit enabled) Nanoleaf Shapes (HomeKit enabled) Dyson V15 Detect Apple HomePod Mini If you‚Äôre interested in these items check the link in my bio and let me know if you want to see more smart home tech content!  #smarthome #tech #hometech #smarthometechnology #homekit #techtok #apple #smarttech #technology ,2025-01-04 02:46:30,92900,2295,96,576x1024,540p,h264,https://www.tiktok.com/@usmaanunplugged/video/7455762468644605217,usmaanunplugged,Usmaan,7293978695428162593,MS4wLjABAAAAMWP9VIjHsvAdE9i9TUjogU-1mULkfo0eoEOW9Bc5u-HgSC80AiZltngMKAKSEmcR,False,101600,7325591201210124290,Moonlite Love,Abir‚Äôyah,False,https://sf16-ies-music-sg.tiktokcdn.com/obj/tos-alisg-ve-2774/osTNgqDg2YlLFViq1QfBZjnjVntfdbtYCEBUpQ,"smarthome, tech, hometech, smarthometechnology, homekit, techtok, apple, smarttech, technology",Global,mid-viral,7.738923757439457,False,Train,3,4.574710978503383,11.439289689006644,0.5625,616,9,0,0,0,3,2,4,1,late,1,0.49999999999999994,0.8660254037844387,0,0,1,0,9,1
7457735244221926699,Ms. Alexa hates to see me coming. I be putting her to work on the daily! #smarthome #luxuryapartment #apartmenttherapy ,2025-01-09 10:21:46,58900,3192,49,576x1024,540p,h264,https://www.tiktok.com/@mrrlittle/video/7457735244221926699,mrrlittle,Mrr Little,6791349837423936518,MS4wLjABAAAAwVrlKxG5LY32OCDlY-OmpeSuvRE0UQbx0gJsRmdJ8D-vg2NxOxL40kQ04lxjs--1,False,746500,7204930659947644930,deep in it,berlioz & Ted Jasper,False,https://sf16-ies-music-sg.tiktokcdn.com/obj/tos-alisg-ve-2774/oQervCnZI8CxUNBEcODQhTt1BfkubZ6SkxFogH,"smarthome, luxuryapartment, apartmenttherapy",Global,mid-viral,8.068716192714781,False,Train,4,3.912023005428146,10.983613347424248,0.5625,119,3,0,0,0,3,10,9,1,work,0,0.49999999999999994,-0.8660254037844387,0,0,1,0,3,1
7457850572377459976,"Let your home clean itself with the ultimate helper: a smart vacuum! üè†‚ú® No more hassle, no more worries. With advanced object detection and scheduled cleaning sessions, our smart vacuum keeps your floors spotless‚Äîeven when you‚Äôre not home. Say goodbye to manual cleaning and hello to a problem-free solution that fits right into your busy lifestyle. A clean home is just a tap away!",2025-01-09 17:49:15,657,7,27,576x1024,540p,h264,https://www.tiktok.com/@mowesmarthome/video/7457850572377459976,mowesmarthome,MoweSmartHome,7066216893920723969,MS4wLjABAAAAe4LgN_rxvIVukqWUfjOkVeWwd6BzaHpQ4NzYlIKnkIkS2NL3G1DpUUDmV3oW_Rpw,False,3142,7457850609471933185,original sound - Mowe Smart Home Singapore,MoweSmartHome,True,https://v77.tiktokcdn.com/c4ed4b5825a5fa2a7d9a1e21ecdf3d56/68d6afe9/video/tos/alisg/tos-alisg-v-27dcd7/os7FAQFRIimADcAekfgHfIz3d5AmTD4ofAEAJG/?a=1180&bti=ODszNWYuMDE6&ch=0&cr=0&dr=0&er=0&lr=default&cd=0%7C0%7C0%7C0&br=250&bt=125&ds=5&ft=.NpOcInz7ThHBkeKXq8Zmo&mime_type=audio_mpeg&qs=13&rc=M3dodGo5cjpzdzMzODU8NEBpM3dodGo5cjpzdzMzODU8NEBkZWMuMmRra3NgLS1kMS1zYSNkZWMuMmRra3NgLS1kMS1zcw%3D%3D&vvpl=1&l=20250925232254A64747CF9C0BC80FEACD&btag=e00078000&cc=13,,SG,non-viral,2.0794415416798357,False,Train,4,3.332204510175204,6.489204931325317,0.5625,382,0,0,0,1,7,17,9,1,evening,0,-0.9659258262890683,-0.25881904510252063,0,1,1,0,0,0
7459216117144341767,"Alexa is an excellent smart home control hub, but you might not want it listening to your conversations! ü§ê‚úÖ #259 #alexa #amazon #alexatips #techtips #smarthome #didyouknow #contentcreator #ugccreator #bravetech.ai",2025-01-14 04:00:00,573000,9770,66,576x1024,540p,h264,https://www.tiktok.com/@bravetech.ai/video/7459216117144341767,bravetech.ai,Thiago | Smart Tips‚ö°Ô∏è,7337856095991972865,MS4wLjABAAAA3lW78Maj2VBWXhM6VOyG2qMzJym6HM-U41DCB8dlWaKeZco9ADiO9urPaSVNft_p,False,564500,7459216220609415952,original sound - Thiago | Smart Tips‚ö°Ô∏è,Thiago | Smart Tips‚ö°Ô∏è,True,https://v77.tiktokcdn.com/73699ba58f74da320dc679e298d596d0/68d6b0c3/video/tos/alisg/tos-alisg-v-27dcd7/oYSDsaDOFBYfCdEwBTp3ECHof1gIMgQfAPOipE/?a=1180&bti=ODszNWYuMDE6&ch=0&cr=0&dr=0&er=0&lr=default&cd=0%7C0%7C0%7C0&br=250&bt=125&ft=.NpOcInz7ThlXkeKXq8Zmo&mime_type=audio_mpeg&qs=6&rc=OzppO2ZnPDw7NGc6NjQzaUBpanIzcnQ5cjo6eDMzODU8NEA0MGIvNl80NjYxMGIvNS42YSNvYmhzMmRzXy9gLS1kMS1zcw%3D%3D&vvpl=1&l=20250925232552FADCFB5C87DDC70C3BA3&btag=e00090000&cc=13,"259, alexa, amazon, alexatips, techtips, smarthome, didyouknow, contentcreator, ugccreator, bravetech.ai",Global,mid-viral,9.187174093944344,False,Train,4,4.204692619390966,13.258642740896052,0.5625,213,10,0,0,0,3,4,14,1,late,0,0.8660254037844386,0.5000000000000001,0,1,1,0,10,1
7466121287056788778,"What Smart Home Tech do you Use? ü§î Whenever choosing a new smart home device like doorbells, lights, and thermostats its always good to make sure that they can work together so you don‚Äôt have to use multiple apps or different commands to manage/use them. Buying devices that work with the same Ecosystem like Google Home, Apple HomeKit, or Amazon Alexa is a good start but even devices that are from different brands can work together as long as they support Matter. As a bonus you can check out Home Assistant to set up automations and do even more cool stuff with all of your matter enabled devices. #techtok #smarthome #gadgets #tech ",2025-02-01 00:44:34,191600,12800,48,576x1024,540p,h264,https://www.tiktok.com/@gg.sheed/video/7466121287056788778,gg.sheed,GG_Sheed,7285552057106072622,MS4wLjABAAAA2aR7UGjDfiZI3UdgtSK_-CksZHQgJkuffFtIubGUd0J6R4pqey4i9kVdjbkIt0WZ,False,614700,6934203922743560194,Tranquility,Mezax,False,https://sf16-ies-music-sg.tiktokcdn.com/obj/tos-alisg-ve-2774/dba3bf80549a46f593139220f698daac,"techtok, smarthome, gadgets, tech",Global,viral,9.45727857185611,False,Train,4,3.8918202981106265,12.163170363711957,0.5625,637,4,0,0,1,8,0,1,2,late,1,0.0,1.0,0,0,1,0,4,1
7476349576476314888,"My home is so clean now! üßπThe Dreame X50 Ultra makes cleaning effortless ‚Äî no tangles, no hassle, just pure convenience. üëç üí• Retail Price: $2299 üí• D3 Price: $2249 üí• Flash Sale Price: $2239 (before seller voucher!) ‚è∞ Flash Sale: 3 Mar, 8PM - End of Day üí™ üõí Get yours today on Lazada‚Äôs 3.3 Super Savings Sale! üéâ Use code <$bj6g$> ‚ù§Ô∏è  #DreameX50Ultra #RobotVacuum #SmartHome #Lazada3.3 #HomeGadgets #CleaningMadeEasy #TechLovers",2025-02-28 14:14:50,78000,405,46,576x1024,540p,h264,https://www.tiktok.com/@runnerkao/video/7476349576476314888,runnerkao,Runner Kao,6761122593074283521,MS4wLjABAAAAgtgyvQHxgMbaF5yQ4ZjBqDwyHVyyCcZx4eu7RsbalPcHHq695yKi2FypZzv3_crg,False,274300,7476349902718028560,original sound - Runner Kao,Runner Kao,True,https://v16m.tiktokcdn.com/17a215a5d3507cca911be1efe11e094f/68d6b106/video/tos/alisg/tos-alisg-v-27dcd7/oEAEwi2AEpkEzBVfBAR4DKKvSSSBKAiQoQHArQ/?a=1180&bti=ODszNWYuMDE6&ch=0&cr=0&dr=0&er=0&lr=default&cd=0%7C0%7C0%7C0&br=250&bt=125&ds=5&ft=.NpOcInz7ThMakeKXq8Zmo&mime_type=audio_mpeg&qs=13&rc=amxrN3A5cjtveTMzODU8NEBpamxrN3A5cjtveTMzODU8NEA1LWg1MmRjNi1gLS1kMS1zYSM1LWg1MmRjNi1gLS1kMS1zcw%3D%3D&vvpl=1&l=20250925232720BBB2D6C3CA08160C1BE8&btag=e00048000&cc=3,"dreamex50ultra, robotvacuum, smarthome, lazada3, homegadgets, cleaningmadeeasy, techlovers",SG,mid-viral,6.0063531596017325,False,Train,4,3.8501476017100584,11.264476926102367,0.5625,425,7,0,0,0,9,14,28,2,work,0,-0.4999999999999998,-0.8660254037844388,0,1,1,0,7,1
7478251958663384327,Replying to @Teo this is why it‚Äôs important to pick the correct ecosystem and smart home products,2025-03-05 17:17:00,50400,786,31,576x1024,540p,h264,https://www.tiktok.com/@puchi.home/video/7478251958663384327,puchi.home,Puchi Home,7207445247272977413,MS4wLjABAAAAZCqQHp5xhvq9AAy0PYQJovJzTYFlPwtyq3BOIu6UtngeRcqtVxUtS5ZLoGOt8j18,False,10200,7290750382500759554,9PM in Shibuya,ADTurnUp,False,https://sf16-music-sign.tiktokcdn.com/obj/tos-alisg-ve-2774/oQvQzZf6PIg1aNDlzCoFpzeEMwDOMJFPPAf15T?lk3s=08d74b56&x-expires=1758835671&x-signature=co%2BLDORVhaQQBzKEFmOkSu5wvY0%3D,,SG,mid-viral,6.668228248417403,False,Train,4,3.4657359027997265,10.827766295132466,0.5625,97,0,1,0,0,0,17,5,3,evening,0,-0.9659258262890683,-0.25881904510252063,0,0,1,0,0,0
7503873712844803374,"‚è∞ Smart Home Wake-Up Experience ‚Äì The Future of Comfort! ‚ú® Start your day in the most relaxing and convenient way with our Smart Home Wake-Up Experience. From automated lighting to temperature control and smart furniture, your home is ready to wake you up in style and comfort. DM me for more details üì©, and follow for more smart home inspiration! üîî #furniture #furnituredesign #luxuryfurniture #smarthome #modernliving #interiordesign #homeautomation #wholehouse",2025-05-13 18:24:34,174600,11800,30,576x1024,540p,h264,https://www.tiktok.com/@black.furniture.shop/video/7503873712844803374,black.furniture.shop,Black Furniture shop,7390336000416777262,MS4wLjABAAAAKmEJh-XM9A1J4Y_xJv8atv9YQc7zSfpgcWvPFTXLUgQ4Mnyxg4VyBXdqzNRy6IIq,False,97400,7503874172045789998,original sound - Black Furniture shop,Black Furniture shop,True,https://v77.tiktokcdn.com/720d10c5b69dab4efc6222e919019efe/68d6abf4/video/tos/maliva/tos-maliva-ve-27dcd7c799-us/oQ8dfCDIcOpD8FJxoWxk3OSUgQsGBJeYvwsxE8/?a=1180&bti=ODszNWYuMDE6&ch=0&cr=0&dr=0&er=0&lr=default&cd=0%7C0%7C0%7C0&br=250&bt=125&ft=.NpOcInz7Th5mkeKXq8Zmo&mime_type=audio_mpeg&qs=6&rc=OGdnOTZnZTM8OTY4Ozs7N0BpM3I2a3A5cnNrMzMzZzU8NEAtYzAuYDVjNi8xYTJeXjQyYSNrcDQyMmQ0b2VhLS1kMS9zcw%3D%3D&vvpl=1&l=202509252305583CC9C68B2C5AF10CFF40&btag=e00088000&cc=13,,SG,viral,9.375939552625749,False,Train,4,3.4339872044851463,12.0702586497481,0.5625,463,8,0,0,1,6,18,13,5,evening,0,-1.0,-1.8369701987210297e-16,0,1,1,0,0,0
7506085287307578632,or maybe u just configured it wrongly #smarthome #homekit #hdb ,2025-05-19 17:24:33,22800,525,22,576x1024,540p,h264,https://www.tiktok.com/@puchi.home/video/7506085287307578632,puchi.home,Puchi Home,7207445247272977413,MS4wLjABAAAAZCqQHp5xhvq9AAy0PYQJovJzTYFlPwtyq3BOIu6UtngeRcqtVxUtS5ZLoGOt8j18,False,10200,7483224802695203600,suara asli - KZKI template,KZKI template,True,https://v16m.tiktokcdn.com/b0c2d3c6ff079247468e96382a3711d0/68d6b104/video/tos/alisg/tos-alisg-v-27dcd7/ocxZQWg2fCEC9FDGADJnEVBAwEBQFUAfGcAEPv/?a=1180&bti=ODszNWYuMDE6&ch=0&cr=0&dr=0&er=0&lr=default&cd=0%7C0%7C0%7C0&br=250&bt=125&ds=5&ft=.NpOcInz7Th2akeKXq8Zmo&mime_type=audio_mpeg&qs=13&rc=M3A2anE5cm52eTMzODU8NEBpM3A2anE5cm52eTMzODU8NEAtcmdlMmQ0L2BgLS1kMS1zYSMtcmdlMmQ0L2BgLS1kMS1zcw%3D%3D&vvpl=1&l=20250925232739D3C8DEF5ECC5CB0CEC53&btag=e00078000&cc=3,"smarthome, homekit, hdb",SG,mid-viral,6.26530121273771,False,Train,4,3.1354942159291497,10.034559673629849,0.5625,63,3,0,0,0,0,17,19,5,evening,0,-0.9659258262890683,-0.25881904510252063,0,1,1,0,3,1
7510225167105232149,"Slowly turning our home into a smart home. Kat mana boleh automate, kita automate ü§© #homedecor  #homedecormalaysia #smarthome #smartswitch #aqara #homekit #applehome #homepod #heysiri #smartlock ",2025-05-30 21:09:32,189600,12200,33,576x1024,540p,h264,https://www.tiktok.com/@sis_milofa/video/7510225167105232149,sis_milofa,Miramin,6976193591668392961,MS4wLjABAAAABoyn0Ibm-RsOgokSrLLo7JUL8ipEfQLAH22p_VrVBB8xcDfKCBBneAWwA_TkiMKb,False,15900,7352613124358425349,sonido original,Selectomusic | #GoodMusic,True,https://v16m.tiktokcdn.com/f308aab864ffb59c9d149d6e473ab0ad/68d6b09e/video/tos/useast2a/tos-useast2a-v-27dcd7/o8AEMuZrEbeUJNCB0JNDfBsJqzCFAAbQAHhmE0/?a=1180&bti=ODszNWYuMDE6&ch=0&cr=0&dr=0&er=0&lr=default&cd=0%7C0%7C0%7C0&br=250&bt=125&ds=5&ft=.NpOcInz7Th7lkeKXq8Zmo&mime_type=audio_mpeg&qs=13&rc=M25rd3g5cmZ1cjMzNzU8M0BpM25rd3g5cmZ1cjMzNzU8M0BqZy5hMmRzaTFgLS1kMTZzYSNqZy5hMmRzaTFgLS1kMTZzcw%3D%3D&vvpl=1&l=20250925232413B6FDC3610944B60B3D6D&btag=e00050000&cc=3,"homedecor, homedecormalaysia, smarthome, smartswitch, aqara, homekit, applehome, homepod, heysiri, smartlock",Global,viral,9.409273194575334,False,Train,4,3.5263605246161616,12.152677143050752,0.5625,195,10,0,0,0,2,21,30,5,evening,0,-0.7071067811865477,0.7071067811865474,0,1,1,0,10,1
7511177028679388424,"Think smart homes are expensive? Think again. We offer smart home solutions that are practical, reliable, and wallet-friendly regardless of your house type üè†üí° üì≤ WhatsApp us at 9776 0971 for more details or to book a personalised consultation. ùóöùóòùóß ùó¶ùó†ùóîùó•ùóß - ùóöùóòùóß ùó¶ùó†ùóîùó•ùóß ùó™ùóúùóßùóõ ùó®ùó¶! üìç LTSG Office 33 Mohamed Sultan Road #02-01 Singapore 238977 üìç Zenterra Lighting - Satellite Showroom 259 Jurong East Street 24 #01-439 Singapore 600259 ‚òéÔ∏è +65 9776 0971 | üìß sales@lifetechsg.com üîó Visit Our Website #SmartHomeSolutions #LightingInnovation #ZenterraLighting #SmartLivingSG #HDBtoLanded #SmartHomePackages #LightingSolutionsSG",2025-06-02 11:00:00,8142,88,39,576x1024,540p,h264,https://www.tiktok.com/@lifetechsg/video/7511177028679388424,lifetechsg,LIFE TECH SG,6999205101740295170,MS4wLjABAAAAqDdU-KmCbBrKN9gP9MYiWt3Q-RBzXBFRowMFNQyCyRDSLfv2Y5mJgVXudIlvs4Uq,False,9641,7511177055032085264,original sound - LIFE TECH SG,LIFE TECH SG,True,https://v58.tiktokcdn.com/video/tos/alisg/tos-alisg-v-27dcd7/oQv7uEl5v5AAA20BAYAEDiU0169NCa4CaPDAi/?a=1180&bti=ODszNWYuMDE6&ch=0&cr=0&dr=0&er=0&lr=default&cd=0%7C0%7C0%7C0&br=250&bt=125&ds=5&ft=.NpOcInz7Th1akeKXq8Zmo&mime_type=audio_mpeg&qs=13&rc=M2duaHM5cmlqMzMzODU8NEBpM2duaHM5cmlqMzMzODU8NEBhMTNuMmRrc3JhLS1kMS1zYSNhMTNuMmRrc3JhLS1kMS1zcw%3D%3D&vvpl=1&l=20250925232707A8A3A89F8C64540ED817&VExpiration=1758900466&VSignature=ZtHHHbDRoGdq581VfF0l9A&btag=e00048000&cc=14,,SG,mid-viral,4.48863636973214,False,Train,5,3.6888794541139363,9.004913941467132,0.5625,614,9,1,0,0,7,11,2,6,work,0,0.258819045102521,-0.9659258262890682,0,1,1,0,0,0
7525643638123056402,Three iPads installed across this three level home. Each of them sit in custom removable mounts and are set up with Apple Home for easy control from any floor üôå  Head over to the link in our bio for more info on our robot¬Æ SnapMount.  . . . #robotsmarthomes #smarthomes #homeautomationsystems #apple #applehome #applehomekit #luxuryliving #luxuryhomes #luxurybuild #customisable #homeautomationexperts #smartliving #automation #voicecontrol #siri #smarthomelife #automation #applehomeguest #homecinema #voicecommand #appleipad #ipad #stayconnected #smartliving,2025-07-11 10:20:57,122800,2424,20,576x1024,540p,h264,https://www.tiktok.com/@robotsmarthomes/video/7525643638123056402,robotsmarthomes,robotsmarthomes,6743522881970521093,MS4wLjABAAAA0G1CMRKZmIMoieaYX55d_Ci7oz-sCCE10eQUTKKS3hOnz1jqR87PCt5IfdVmfuGs,False,2739,5000000001002951966,Unut G√∂nl√ºm Onu,Ufuk Kƒ±zƒ±l,False,https://sf16-ies-music-sg.tiktokcdn.com/obj/tos-alisg-ve-2774/ogEFPe0aDoLQAW6aRpbJcCeFzCw6GngbDABnCf,"robotsmarthomes, smarthomes, homeautomationsystems, apple, applehome, applehomekit, luxuryliving, luxuryhomes, luxurybuild, customisable, homeautomationexperts, smartliving, automation, voicecontrol, siri, smarthomelife, automation, applehomeguest, homecinema, voicecommand, appleipad, ipad, stayconnected, smartliving",Global,mid-viral,7.793586803371584,False,Train,5,3.044522437723423,11.718320437984499,0.5625,560,24,0,0,0,5,10,11,7,work,0,0.49999999999999994,-0.8660254037844387,0,0,1,0,24,1
7526326508051320077,Which one of these would you put in your home? ü´£ #dad #dadsoftiktok #diy #smarthome ,2025-07-13 06:31:29,1100000,140400,131,576x1024,540p,h264,https://www.tiktok.com/@dadlifewithstephen/video/7526326508051320077,dadlifewithstephen,Stephen,7388939943940228138,MS4wLjABAAAA73OpJDdUaKC_A5DqSMtyEtALP_P7k6H5Og_l8DjKUMJafApYJ0k6eAKcuovQWbdU,False,681200,7526326700960729911,original sound,Stephen,True,https://v16m.tiktokcdn.com/d7ba30bbf8dc7147aedc8606b55eda18/68d6b0b2/video/tos/maliva/tos-maliva-v-27dcd7c799-us/oIig2EH1vBTAAAi4iw0EoyvL4ClaBUi7kr7PA/?a=1180&bti=ODszNWYuMDE6&ch=0&cr=0&dr=0&er=0&lr=default&cd=0%7C0%7C0%7C0&br=250&bt=125&ds=5&ft=.NpOcInz7ThelkeKXq8Zmo&mime_type=audio_mpeg&qs=13&rc=anBpZW85cm1oNDMzZzU8NEBpanBpZW85cm1oNDMzZzU8NEA0LnFoMmRrMW1hLS1kMS9zYSM0LnFoMmRrMW1hLS1kMS9zcw%3D%3D&vvpl=1&l=2025092523243173EA374274D3E60E8DE4&btag=e00050000&cc=3,"dad, dadsoftiktok, diy, smarthome",Global,viral,11.852257893055606,False,Train,5,4.882801922586371,13.910821646859095,0.5625,84,4,0,0,0,1,6,13,7,commute,1,1.0,6.123233995736766e-17,0,1,1,0,4,1
7532667029464173832,"Smart living doesn‚Äôt have to be complicated!  With Apple Smart Home, you can control everything from your phone or just ask Siri. No more running around the house to turn off lights or wondering if you locked the door. It‚Äôs the little things that make life feel a whole lot easier üôå . . . #robotsmarthomes #smarthomes #homeautomationsystems #apple #applehome #siri #iphone ",2025-07-30 08:35:19,1996,56,62,576x1024,540p,h264,https://www.tiktok.com/@robotsmarthomes/video/7532667029464173832,robotsmarthomes,robotsmarthomes,6743522881970521093,MS4wLjABAAAA0G1CMRKZmIMoieaYX55d_Ci7oz-sCCE10eQUTKKS3hOnz1jqR87PCt5IfdVmfuGs,False,2739,7532667071872813825,original sound,robotsmarthomes,True,https://v77.tiktokcdn.com/e657db1d1a76ec3780d2a341cd17b01c/68d6b09f/video/tos/alisg/tos-alisg-v-27dcd7/oURBBAiLMcBAEawMRHAhisJAf6oAC0EKaZEloT/?a=1180&bti=ODszNWYuMDE6&ch=0&cr=0&dr=0&er=0&lr=default&cd=0%7C0%7C0%7C0&br=250&bt=125&ds=5&ft=.NpOcInz7ThO~keKXq8Zmo&mime_type=audio_mpeg&qs=13&rc=amY5dHQ5cmxwNTMzODU8NEBpamY5dHQ5cmxwNTMzODU8NEAtLzAwMmRzZTFhLS1kMS1zYSMtLzAwMmRzZTFhLS1kMS1zcw%3D%3D&vvpl=1&l=202509252325216907486E3C89D30EF368&btag=e00050000&cc=13,"robotsmarthomes, smarthomes, homeautomationsystems, apple, applehome, siri, iphone",Global,mid-viral,4.04305126783455,False,Train,5,4.143134726391533,7.599401333415815,0.5625,373,7,0,0,0,7,8,30,7,commute,0,0.8660254037844387,-0.49999999999999983,0,1,1,0,7,1
7532818182160059666,Go with this 3 Stage Smart home journey - these are REAL smart home platforms to consider #smarthome #homeautomation #notsponsored #homekit #alexa #googlehome #smartthings #homey #homeassistant,2025-07-30 18:21:48,17200,394,57,576x1024,540p,h264,https://www.tiktok.com/@mralexteo/video/7532818182160059666,mralexteo,SMART ALEX,7469706358042067986,MS4wLjABAAAAwRYQHo1-9mF5QIssXkZxFtrgReIq4Qha5Mpt-iEgWIi5q6vREnzsC1RjKL82YQPn,False,1364,7532818202558565121,original sound - SMART ALEX,SMART ALEX,True,https://v77.tiktokcdn.com/dd8d14d6effb75840040ff56ba3584e1/68d6b117/video/tos/alisg/tos-alisg-v-27dcd7/oYImGIAEQWiAXfQPQFnAWALAkJcfyGe8d9Jzjf/?a=1180&bti=ODszNWYuMDE6&ch=0&cr=0&dr=0&er=0&lr=default&cd=0%7C0%7C0%7C0&br=250&bt=125&ds=5&ft=.NpOcInz7ThVakeKXq8Zmo&mime_type=audio_mpeg&qs=13&rc=am83dHE5cml5NTMzODU8NEBpam83dHE5cml5NTMzODU8NEBnXzVeMmRzMTFhLS1kMS1zYSNnXzVeMmRzMTFhLS1kMS1zcw%3D%3D&vvpl=1&l=20250925232726F6BF0E2F37F2240E582D&btag=e00048000&cc=13,"smarthome, homeautomation, notsponsored, homekit, alexa, googlehome, smartthings, homey, homeassistant",SG,mid-viral,5.978885764901122,False,Train,5,4.060443010546419,9.75272280064639,0.5625,193,9,0,0,0,0,18,30,7,evening,0,-1.0,-1.8369701987210297e-16,0,1,1,0,9,1
7545431342029262098,My UPDATED smart home recommendations! #notsponsored #alexa #googlehome #smartthings #homey #homeassistant #homekit #smarthome #homeautomation,2025-09-02 18:07:20,6445,85,54,576x1024,540p,h264,https://www.tiktok.com/@mralexteo/video/7545431342029262098,mralexteo,SMART ALEX,7469706358042067986,MS4wLjABAAAAwRYQHo1-9mF5QIssXkZxFtrgReIq4Qha5Mpt-iEgWIi5q6vREnzsC1RjKL82YQPn,False,1364,7545431395917761281,original sound - SMART ALEX,SMART ALEX,True,https://v16m.tiktokcdn.com/4fe4584990c5fb30fe8ffca1b620e0eb/68d6b11a/video/tos/alisg/tos-alisg-v-27dcd7/oQ2C5iAEoB0WW7KDwwXSBgdHIfLt19Aiu2MJ2N/?a=1180&bti=ODszNWYuMDE6&ch=0&cr=0&dr=0&er=0&lr=default&cd=0%7C0%7C0%7C0&br=250&bt=125&ft=.NpOcInz7ThUakeKXq8Zmo&mime_type=audio_mpeg&qs=6&rc=Nmk5ZTVnPDQ1aGQzOTVoNEBpM2VmbnM5cnBmNTMzODU8NEBjMy8yYGA1XzIxMmIvLl4yYSMuYmtuMmRzMG9hLS1kMS1zcw%3D%3D&vvpl=1&l=202509252327324E1795925BE8200EAA5B&btag=e00088000&cc=3,"notsponsored, alexa, googlehome, smartthings, homey, homeassistant, homekit, smarthome, homeautomation",SG,mid-viral,4.454347296253507,False,Train,5,4.007333185232471,8.771215062375383,0.5625,142,9,0,0,0,1,18,2,9,evening,0,-1.0,-1.8369701987210297e-16,0,1,1,0,9,1
7546774518530936071,"Discover how smart home technology is transforming the way we read! From voice-controlled lighting to mood-based book suggestions, the future of reading is here. Learn how you can create the perfect literary sanctuary with cutting-edge tech. SmartHomeReading BookTech ReadingRevolution TechForBookworms SmartLibrary FutureOfReading ReadingNook SmartHomeSolutions LiteraryTech BookLoversDream",2025-09-06 08:59:33,102,0,37,576x1024,540p,h264,https://www.tiktok.com/@smarthomesolutionssg/video/7546774518530936071,smarthomesolutionssg,Smart Home Solutions Singapore,6838177033169699841,MS4wLjABAAAA57u-0lrv2Njbbck0J2UsWeJfuPj61NYjrVfAZ5_NhwSpN7jDv5yqKut-zaoenvvP,False,9464,7546774544246164240,original sound - Smart Home Solutions Singapore,Smart Home Solutions Singapore,True,https://v77.tiktokcdn.com/8a86c53318d91660eb3e09068df2547a/68d6b00b/video/tos/alisg/tos-alisg-v-27dcd7/o0k735dEAeJYAEdEYBFoChCDgVQgABG3f4uUUg/?a=1180&bti=ODszNWYuMDE6&ch=0&cr=0&dr=0&er=0&lr=default&cd=0%7C0%7C0%7C0&br=250&bt=125&ds=5&ft=.NpOcInz7ThtBkeKXq8Zmo&mime_type=audio_mpeg&qs=13&rc=ajc0aWo5cndyNTMzODU8NEBpajc0aWo5cndyNTMzODU8NEBeNmdiMmRzYnFhLS1kMS1zYSNeNmdiMmRzYnFhLS1kMS1zcw%3D%3D&vvpl=1&l=2025092523231859F4EFFB923B390C6960&btag=e00048000&cc=13,,SG,non-viral,0.0,False,Train,5,3.6375861597263857,4.634728988229636,0.5625,391,0,0,0,0,4,8,6,9,commute,1,0.8660254037844387,-0.49999999999999983,0,1,1,0,0,0
7547231694214974738,"too lazy to turn on our switches, so we got our smart home to do it instead üë©üèª‚Äçüíª click the link in our bio to see what products we used to build our smart home! #smarthome #hdbrenovation #apple #sgrenovation #fyp",2025-09-07 14:33:38,78700,3349,85,576x1024,540p,h264,https://www.tiktok.com/@stefaloos/video/7547231694214974738,stefaloos,stefaloos,6997741516630885377,MS4wLjABAAAARpybsFgkIwpSAp9q9LF28q8AHwsSPgVBOh69fVf7egbfnCccowAQ6Db-MP5_c5Ae,False,3883,7547231724036475664,original sound - stefaloos,stefaloos,True,https://v16m.tiktokcdn.com/db9990013120cd941e01a226fcd512f3/68d6ac32/video/tos/alisg/tos-alisg-v-27dcd7/oAClLBAAPTiAOE5jCTAIRAaRa9EP8Yn00JiUZ/?a=1180&bti=ODszNWYuMDE6&ch=0&cr=0&dr=0&er=0&lr=default&cd=0%7C0%7C0%7C0&br=250&bt=125&ds=5&ft=.NpOcInz7Th7mkeKXq8Zmo&mime_type=audio_mpeg&qs=13&rc=amtpcnM5cmtsNTMzODU8NEBpamtpcnM5cmtsNTMzODU8NEA0bG5gMmQ0YnJhLS1kMS1zYSM0bG5gMmQ0YnJhLS1kMS1zcw%3D%3D&vvpl=1&l=20250925230605297EC92841872A0AC02B&btag=e00050000&cc=3,"smarthome, hdbrenovation, apple, sgrenovation, fyp",SG,viral,8.116715624819111,False,Train,5,4.454347296253507,11.273411140805074,0.5625,212,5,0,0,0,2,14,7,9,work,1,-0.4999999999999998,-0.8660254037844388,0,1,1,0,5,1
7547624841700969749,"Discover how smart homes are revolutionizing our neighborhoods and cities! From adaptive energy grids to intelligent streetlights, the future of urban living is here. Learn about the benefits, challenges, and potential of this groundbreaking technology. SmartCities SmartHomes UrbanPlanning SustainableLiving TechInnovation EnergyEfficiency FutureTech ConnectedCommunities UrbanDevelopment SmartTechnology",2025-09-08 15:59:20,105,0,41,576x1024,540p,h264,https://www.tiktok.com/@smarthomesolutionssg/video/7547624841700969749,smarthomesolutionssg,Smart Home Solutions Singapore,6838177033169699841,MS4wLjABAAAA57u-0lrv2Njbbck0J2UsWeJfuPj61NYjrVfAZ5_NhwSpN7jDv5yqKut-zaoenvvP,False,9464,7547624895199677200,original sound - Smart Home Solutions Singapore,Smart Home Solutions Singapore,True,https://v16m.tiktokcdn.com/6243afaa35193fe9cefb0d381b25a66a/68d6b009/video/tos/alisg/tos-alisg-v-27dcd7/ooAm2fIFHAfjoeANQMm1jiAIGeJ1LGAmAFAiRI/?a=1180&bti=ODszNWYuMDE6&ch=0&cr=0&dr=0&er=0&lr=default&cd=0%7C0%7C0%7C0&br=250&bt=125&ds=5&ft=.NpOcInz7ThRBkeKXq8Zmo&mime_type=audio_mpeg&qs=13&rc=M21oc3c5cnA7NTMzODU8NEBpM21oc3c5cnA7NTMzODU8NEAtLWRrMmRrbXNhLS1kMS1zYSMtLWRrMmRrbXNhLS1kMS1zcw%3D%3D&vvpl=1&l=202509252323120DF0F8D76949FC0D89DF&btag=e00048000&cc=3,,SG,non-viral,0.0,False,Train,5,3.7376696182833684,4.663439094112067,0.5625,405,0,0,0,0,6,15,8,9,work,0,-0.7071067811865471,-0.7071067811865479,0,1,1,0,0,0
7547665817412881685,Which one are you? pt. 2 üòé Visit our showroom at 24 Keong Saik Road now to upgrade! #homesmart #design #home #smarthome #heysiri                  ,2025-09-08 18:38:18,164,2,4,576x1024,540p,h264,https://www.tiktok.com/@homesmart.sg/video/7547665817412881685,homesmart.sg,homesmart.sg,7034655691780473857,MS4wLjABAAAA7XU5zqlX8b6qsMaCRtIKC8e1FSdMshuBlUPwrUaeawa5f1DT0inwgkXoweOh-iW2,False,91900,6717484596050528258,September,"Earth, Wind & Fire",False,https://sf16-ies-music-sg.tiktokcdn.com/obj/tos-alisg-ve-2774/oEfaIO13lQBd5CEhBS8DggnjtICZv9iMIebrQW,"homesmart, design, home, smarthome, heysiri",SG,non-viral,1.0986122886681098,False,Train,5,1.6094379124341003,5.10594547390058,0.5625,146,5,0,0,0,3,18,8,9,evening,0,-1.0,-1.8369701987210297e-16,0,0,1,0,5,1
7548330544363293959,"Can your HDB apartment look like a luxury home? Look here! Say goodbye to traditional switches and easily control your entire home with a single smart panel: Lighting: Change the mood to your liking, allowing you to watch movies, have dinner, or sleep at the touch of a button Air conditioning: Automatic temperature control for comfort and energy efficiency Curtains: Slowly open in the morning and automatically close at night Door locks and security: Remotely monitor your phone for peace of mind Mobile phone and voice control: Stay in control, whether at home or away A smart home isn't just about technology; it makes life easier and more comfortable. Want your HDB apartment to instantly transform into a luxury home? Start with smart technology! #smarthome #HDBRenovation #smartswitch #luxuryhomes#luxuryhomesmart ",2025-09-10 13:37:45,155,9,51,576x1024,540p,h264,https://www.tiktok.com/@smart.home.in.sin/video/7548330544363293959,smart.home.in.sin,Smart home in Singapore,7548328047243215879,MS4wLjABAAAAmk_679bjx4RACKW6sFMzPYL6nsyjgaIJe9I8ZTDkmtsi6jSjKCk4vIJb10fxUy7f,False,0,7548330576378399489,original sound - Smart home in Singapore,Smart home in Singapore,True,https://v58.tiktokcdn.com/video/tos/alisg/tos-alisg-v-27dcd7/oMD4Li3KiEDEwuYAIBfdKAVBEA9t0BoDAA0qAv/?a=1180&bti=ODszNWYuMDE6&ch=0&cr=0&dr=0&er=0&lr=default&cd=0%7C0%7C0%7C0&br=250&bt=125&ds=5&ft=.NpOcInz7ThjlkeKXq8Zmo&mime_type=audio_mpeg&qs=13&rc=M2VmeXI5cmRqNjMzODU8NEBpM2VmeXI5cmRqNjMzODU8NEAyLTVvMmRzcS1hLS1kMS1zYSMyLTVvMmRzcS1hLS1kMS1zcw%3D%3D&vvpl=1&l=20250925232348C3B3FB28CE78220C73D3&VExpiration=1758900279&VSignature=za4lDKRwUGywWaLJWfgYSQ&btag=e00048000&cc=14,"smarthome, hdbrenovation, smartswitch, luxuryhomes, luxuryhomes",SG,non-viral,2.302585092994046,True,Test,-1,3.9512437185814275,5.049856007249537,0.5625,822,5,0,0,0,9,13,10,9,work,0,-0.2588190451025208,-0.9659258262890683,0,1,1,0,5,1
7548382358760639762,"‚ú®üí° Philips Hue Now AvailableÔΩúIntegrated with KNX System Redefine the ritual of living with smart lighting. üå°Ô∏è Dual-color temperature control ‚Äî Switch seamlessly from romantic dinners to focused work üì± Remote app control ‚Äî Manage your home lighting anytime, anywhere ‚ö° Safe & energy-efficient ‚Äî Smart management for a more comfortable and worry-free life üåó Circadian rhythm mode ‚Äî Automatic light adjustment from dawn to midnight üéôÔ∏è Voice-controlled whole-home scenes ‚Äî One command, and lights, curtains, and AC move in sync üí° Exclusive WiZ package offer ‚Äî Step into your smart lighting lifestyle today! Smart lighting isn‚Äôt just about technology ‚Äî it‚Äôs about making life more comfortable, stylish, and refined. Philips Hue √ó KNX ‚Äî turning every moment at home into poetry. ‚ú®#smarthome #luxuryhomes #WholeHomeSmart #philipshue #philipshomeliving ",2025-09-10 16:58:47,92,0,28,576x1024,540p,h264,https://www.tiktok.com/@smart.home.in.sin/video/7548382358760639762,smart.home.in.sin,Smart home in Singapore,7548328047243215879,MS4wLjABAAAAmk_679bjx4RACKW6sFMzPYL6nsyjgaIJe9I8ZTDkmtsi6jSjKCk4vIJb10fxUy7f,False,0,7548382381859539729,original sound - Smart home in Singapore,Smart home in Singapore,True,https://v16m.tiktokcdn.com/d4aafd0856df63019820d8ccb836f05a/68d6b01a/video/tos/alisg/tos-alisg-v-27dcd7/ogEJ3QoCTu2mhIOBDBEixwFDYAABJgffEPUAWc/?a=1180&bti=ODszNWYuMDE6&ch=0&cr=0&dr=0&er=0&lr=default&cd=0%7C0%7C0%7C0&br=250&bt=125&ds=5&ft=.NpOcInz7ThuBkeKXq8Zmo&mime_type=audio_mpeg&qs=13&rc=M2s5OHk5cmxtNjMzODU8NEBpM2s5OHk5cmxtNjMzODU8NEA0MmVnMmQ0by1hLS1kMS1zYSM0MmVnMmQ0by1hLS1kMS1zcw%3D%3D&vvpl=1&l=20250925232342478531FB76B7490DEDC6&btag=e00078000&cc=3,"smarthome, luxuryhomes, wholehomesmart, philipshue, philipshomeliving",SG,non-viral,0.0,True,Test,-1,3.367295829986474,4.532599493153256,0.5625,845,5,0,0,0,10,16,10,9,work,0,-0.8660254037844384,-0.5000000000000004,0,1,1,0,5,1
7548765146634669319,"‚ú®üè† Living & Dining Room, Now the Ultimate Mood SetterÔΩúSmart Home Experience Maxed Out Imagine this: You walk into the living room, the lights gently brighten, soft music begins to play, the curtains glide open gracefully ‚Äî welcoming you into pure comfort. üé∂ Music Sync ‚Äî RGB LED strips dance with the rhythm, turning your home into a live show üåô Soft Light Transitions ‚Äî no more harsh on/off, lights fade in and out elegantly ü™ü Motorized Curtains ‚Äî one-touch control for effortless elegance üö∂ Motion Sensing ‚Äî lights on when you enter, off when you leave ‚Äî smart and energy-saving Smart home isn‚Äôt just about ‚Äútechnology.‚Äù It‚Äôs about turning every gathering, every meal, every quiet moment into a cinematic experience. ‚ú® #smarthome #luxuryhomes #WholeHomeSmart #smartswitch #smartliving ",2025-09-11 17:44:13,102,3,111,1024x576,540p,h264,https://www.tiktok.com/@smart.home.in.sin/video/7548765146634669319,smart.home.in.sin,Smart home in Singapore,7548328047243215879,MS4wLjABAAAAmk_679bjx4RACKW6sFMzPYL6nsyjgaIJe9I8ZTDkmtsi6jSjKCk4vIJb10fxUy7f,False,0,7548765138922654482,original sound - Smart home in Singapore,Smart home in Singapore,True,https://v77.tiktokcdn.com/ce0a3743a3efbbd8f1cca94e4efa28ba/68d6b067/video/tos/alisg/tos-alisg-v-27dcd7/ooMhgQjQMWrPTCZIAQ8eENAATW4ZARDofeITUK/?a=1180&bti=ODszNWYuMDE6&ch=0&cr=0&dr=0&er=0&lr=default&cd=0%7C0%7C0%7C0&br=250&bt=125&ds=5&ft=.NpOcInz7ThwBkeKXq8Zmo&mime_type=audio_mpeg&qs=13&rc=M2xwNHE5cnY8NjMzODU8NEBpM2xwNHE5cnY8NjMzODU8NEAuNmZrMmRjZy5hLS1kMS1zYSMuNmZrMmRjZy5hLS1kMS1zcw%3D%3D&vvpl=1&l=2025092523233638D9DCA5B390FE0C75BE&btag=e00050000&cc=13,"smarthome, luxuryhomes, wholehomesmart, smartswitch, smartliving",SG,non-viral,1.3862943611198906,True,Test,-1,4.718498871295094,4.634728988229636,1.7777777777777777,787,5,0,0,0,12,17,11,9,evening,0,-0.9659258262890683,-0.25881904510252063,0,1,1,0,5,1
7549324518456659222,"Control Acces ‚ûñ‚ûñ‚ûñ‚ûñ‚ûñ‚ûñ‚ûñ‚ûñ‚ûñ‚ûñ‚ûñ‚ûñ Solu»õii complete de automatizare pentru clƒÉdiri inteligente! üìç Strada Lalelelor 16 B, Alba Iulia üìû 0728 901 401 | ‚úâ office@shs.ro üåç DescoperƒÉ solu»õiile noastre pe üëâ www.smarthomesystems.ro üè° ContacteazƒÉ-ne pentru o ofertƒÉ personalizatƒÉ! #smarthomesystems #casesmart #automatizaricladiri #loxone #knx               @verdom.ro @loxone @knxromania",2025-09-13 05:54:53,993,29,19,576x1024,540p,h264,https://www.tiktok.com/@smarthomeromania/video/7549324518456659222,smarthomeromania,Smart Home Systems,6983967454810178566,MS4wLjABAAAAzpiHcd0pWyKjlFG92e26MZUcWTFctqx4XUKIRtHvK3RsYVbgl1iUr7ak6G_FBLbN,False,7445,7549324493773884182,original sound,Smart Home Systems,True,https://v77.tiktokcdn.com/7cec08ad3c5b6f8b55cfeb10d14e3d95/68d6b0ac/video/tos/no1a/tos-no1a-v-2370-no/oYEaEMlAiPxiSDBEAycMBClDWY1RAs8ESrSAZ/?a=1180&bti=ODszNWYuMDE6&ch=0&cr=0&dr=0&er=0&lr=default&cd=0%7C0%7C0%7C0&br=250&bt=125&ds=5&ft=.NpOcInz7ThXXkeKXq8Zmo&mime_type=audio_mpeg&qs=13&rc=M29ra2w5cmY8NjMzbzU8NUBpM29ra2w5cmY8NjMzbzU8NUAzMjA1MmQ0YS9hLS1kMTFzYSMzMjA1MmQ0YS9hLS1kMTFzcw%3D%3D&vvpl=1&l=20250925232617A6F6E92FD33B930E7B0E&btag=e00078000&cc=13,"smarthomesystems, casesmart, automatizaricladiri, loxone, knx",Global,non-viral,3.4011973816621555,True,Test,-1,2.995732273553991,6.901737206656574,0.5625,371,5,4,0,0,7,5,13,9,commute,1,0.9659258262890683,0.25881904510252074,0,1,1,0,5,1
7549996642129169686,"Lighting Control ‚ûñ‚ûñ‚ûñ‚ûñ‚ûñ‚ûñ‚ûñ‚ûñ‚ûñ‚ûñ‚ûñ‚ûñ Solu»õii complete de automatizare pentru clƒÉdiri inteligente! üìç Strada Lalelelor 16 B, Alba Iulia üìû 0728 901 401 | ‚úâ office@shs.ro üåç DescoperƒÉ solu»õiile noastre pe üëâ www.smarthomesystems.ro üè° ContacteazƒÉ-ne pentru o ofertƒÉ personalizatƒÉ! #smarthomesystems #casesmart #automatizaricladiri #loxone #knx               @verdom.ro @loxone @knxromania",2025-09-15 01:23:01,537,27,44,576x1024,540p,h264,https://www.tiktok.com/@smarthomeromania/video/7549996642129169686,smarthomeromania,Smart Home Systems,6983967454810178566,MS4wLjABAAAAzpiHcd0pWyKjlFG92e26MZUcWTFctqx4XUKIRtHvK3RsYVbgl1iUr7ak6G_FBLbN,False,7445,7549996644746578691,original sound,Smart Home Systems,True,https://v77.tiktokcdn.com/85284c75b4f23f5c7ad5265de845c6cf/68d6b0bf/video/tos/no1a/tos-no1a-v-2370-no/oMWN1IAGeJIrtPG9AGmjUfGA8IWQLQAqCfAIJf/?a=1180&bti=ODszNWYuMDE6&ch=0&cr=0&dr=0&er=0&lr=default&cd=0%7C0%7C0%7C0&br=250&bt=125&ds=5&ft=.NpOcInz7Th~XkeKXq8Zmo&mime_type=audio_mpeg&qs=13&rc=MzdnbHk5cnhpNjMzbzU8NUBpMzdnbHk5cnhpNjMzbzU8NUAtXmVkMmRrZzBhLS1kMTFzYSMtXmVkMmRrZzBhLS1kMTFzcw%3D%3D&vvpl=1&l=20250925232611FBB1982C8882870CE5C7&btag=e00048000&cc=13,"smarthomesystems, casesmart, automatizaricladiri, loxone, knx",Global,non-viral,3.332204510175204,True,Test,-1,3.8066624897703196,6.2878585601617845,0.5625,374,5,4,0,0,7,1,15,9,late,0,0.25881904510252074,0.9659258262890683,0,1,1,0,5,1
7550831781096819986,ÿßŸÑÿ™ÿ≥ŸàŸÇ ŸÖÿπŸÜÿß ÿ™ÿ¨ÿ±ÿ®ÿ© ŸÖŸÖŸäÿ≤ÿ© ŸÑŸÑÿ≠ÿ¨ÿ≤ ÿßÿ∂ÿ∫ÿ∑ ÿπŸÑŸâ ÿßŸÑÿ≤ÿ± ÿßŸÑÿßÿ≠ŸÖÿ± ÿßÿ≥ŸÅŸÑ ÿßŸÑŸÅÿØŸäŸà ŸÑŸÑŸÖÿµÿØÿßŸÇŸäÿ© ÿßŸÑÿØŸÅÿπ ŸàÿßŸÑŸÅÿ≠ÿµ ÿßŸÖÿßŸÖ ÿßŸÑŸÖŸÜÿØŸàÿ® ŸÑŸÑÿ≠ÿ¨ÿ≤ ÿ™ŸàÿßÿµŸÑŸàÿß ÿÆÿßÿµ,2025-09-17 07:23:53,296,5,59,576x1024,540p,h264,https://www.tiktok.com/@smart_home31/video/7550831781096819986,smart_home31,smart_home31,6551899758042333186,MS4wLjABAAAAIrQmf90dHZGYofYbAmwEFY5g9fZ4p3RxqOY22NcpFdTYA1BaTZhUOQke-YkBCBbz,False,11700,7550831822268074768,ÿßŸÑÿµŸàÿ™ ÿßŸÑÿ£ÿµŸÑŸä,smart_home31,True,https://v77.tiktokcdn.com/9859df6ebac34c790744a2575ed1cd20/68d6b0ed/video/tos/alisg/tos-alisg-v-27dcd7/o4hOADGE4AFfD3LfoAfJLgRY8DTxkEywEEZCAv/?a=1180&bti=ODszNWYuMDE6&ch=0&cr=0&dr=0&er=0&lr=default&cd=0%7C0%7C0%7C0&br=250&bt=125&ds=5&ft=.NpOcInz7ThAXkeKXq8Zmo&mime_type=audio_mpeg&qs=13&rc=MzQ6NXk5cjV5NjMzODU8NEBpMzQ6NXk5cjV5NjMzODU8NEBwMG80MmRzMDFhLS1kMS1zYSNwMG80MmRzMDFhLS1kMS1zcw%3D%3D&vvpl=1&l=202509252326426A0EF1B582FA130E4806&btag=e00050000&cc=13,,Global,non-viral,1.791759469228055,True,Test,-1,4.0943445622221,5.6937321388027,0.5625,116,0,0,0,0,0,7,17,9,commute,0,0.9659258262890683,-0.25881904510252063,0,1,1,0,0,0
7550831830702902546,ÿßŸÑÿ™ÿ≥ŸàŸÇ ŸÖÿπŸÜÿß ÿ™ÿ¨ÿ±ÿ®ÿ© ŸÖŸÖŸäÿ≤ÿ© ŸÑŸÑÿ≠ÿ¨ÿ≤ ÿßÿ∂ÿ∫ÿ∑ ÿπŸÑŸâ ÿßŸÑÿ≤ÿ± ÿßŸÑÿßÿ≠ŸÖÿ± ÿßÿ≥ŸÅŸÑ ÿßŸÑŸÅÿØŸäŸà ŸÑŸÑŸÖÿµÿØÿßŸÇŸäÿ© ÿßŸÑÿØŸÅÿπ ŸàÿßŸÑŸÅÿ≠ÿµ ÿßŸÖÿßŸÖ ÿßŸÑŸÖŸÜÿØŸàÿ® ŸÑŸÑÿ≠ÿ¨ÿ≤ ÿ™ŸàÿßÿµŸÑŸàÿß ÿÆÿßÿµ,2025-09-17 07:24:07,244,6,42,576x1024,540p,h264,https://www.tiktok.com/@smart_home31/video/7550831830702902546,smart_home31,smart_home31,6551899758042333186,MS4wLjABAAAAIrQmf90dHZGYofYbAmwEFY5g9fZ4p3RxqOY22NcpFdTYA1BaTZhUOQke-YkBCBbz,False,11700,7550831883674389264,ÿßŸÑÿµŸàÿ™ ÿßŸÑÿ£ÿµŸÑŸä,smart_home31,True,https://v16m.tiktokcdn.com/e2655196743f5ef442c069e0105ebff6/68d6b0d6/video/tos/alisg/tos-alisg-v-27dcd7/ogJceAEoTEFEZgmfrDEAzpDRANoFEDZfCAuG8k/?a=1180&bti=ODszNWYuMDE6&ch=0&cr=0&dr=0&er=0&lr=default&cd=0%7C0%7C0%7C0&br=250&bt=125&ds=5&ft=.NpOcInz7ThzXkeKXq8Zmo&mime_type=audio_mpeg&qs=13&rc=M3hsaG85cjl5NjMzODU8NEBpM3hsaG85cjl5NjMzODU8NEBocGJlMmRjMDFhLS1kMS1zYSNocGJlMmRjMDFhLS1kMS1zcw%3D%3D&vvpl=1&l=20250925232636B49747AB1A6FE50EF69E&btag=e00048000&cc=3,,Global,non-viral,1.9459101490553132,True,Test,-1,3.7612001156935624,5.501258210544727,0.5625,116,0,0,0,0,0,7,17,9,commute,0,0.9659258262890683,-0.25881904510252063,0,1,1,0,0,0
7553146633588837649,home your smart ep1 - how to use a vibration sensor to automate your smart home ,2025-09-23 13:06:41,29500,1077,46,576x1024,540p,h264,https://www.tiktok.com/@puchi.home/video/7553146633588837649,puchi.home,Puchi Home,7207445247272977413,MS4wLjABAAAAZCqQHp5xhvq9AAy0PYQJovJzTYFlPwtyq3BOIu6UtngeRcqtVxUtS5ZLoGOt8j18,False,10200,7393252024915560449,„Ç´„Éï„Çß„Åß„Éú„Çµ„Éé„Éê„ÇíËÅ¥„Åè‰ºëÊó•,ya-su,False,https://sf16-ies-music-sg.tiktokcdn.com/obj/tos-alisg-ve-2774/okuQDMEealNFeQWGYnElCFNazD8DCAdgQIfGsF,,SG,viral,6.982862751468942,True,Test,-1,3.8501476017100584,10.292179440058462,0.5625,80,0,0,0,0,0,13,23,9,work,0,-0.2588190451025208,-0.9659258262890683,0,0,1,0,0,0
7553396066536803639,Puppy dates need supervision too! Good thing Arlo makes it easy with custom AI alerts + indoor coverage. üê∂üíô @lenwichthegolden,2025-09-24 05:15:08,180,9,70,576x1024,540p,h264,https://www.tiktok.com/@arlosmarthome/video/7553396066536803639,arlosmarthome,Arlo Smart Home,7116331558860899374,MS4wLjABAAAA7IkrMIxwmSnACjUKYTGD84avFbylbs6jrHthtaAWfdMKC55WD875WlcFyHF0PtIy,True,77500,7553396208912321293,original sound,Arlo Smart Home,True,https://v16m.tiktokcdn.com/3146852cf1d8ef4ce1d721ffe5d11a0b/68d6b0d2/video/tos/maliva/tos-maliva-v-27dcd7c799-us/oMAH9uRfADT2I9poLhEDjEEGTA3kpAgCe7e0d5/?a=1180&bti=ODszNWYuMDE6&ch=0&cr=0&dr=0&er=0&lr=default&cd=0%7C0%7C0%7C0&br=250&bt=125&ds=5&ft=.NpOcInz7ThEXkeKXq8Zmo&mime_type=audio_mpeg&qs=13&rc=M3V1Ong5cnFqNjMzZzU8NEBpM3V1Ong5cnFqNjMzZzU8NEBjLXNhMmRrbzZhLS1kMS9zYSNjLXNhMmRrbzZhLS1kMS9zcw%3D%3D&vvpl=1&l=20250925232605E2FC761A7207680CD9E7&btag=e00050000&cc=3,,Global,non-viral,2.302585092994046,True,Test,-1,4.2626798770413155,5.198497031265826,0.5625,125,0,1,0,0,2,5,24,9,commute,0,0.9659258262890683,0.25881904510252074,1,1,1,0,0,0
7553658356561349900,Jadilah TOP Spender BARDI dan bawa pulang Cuckoo Air Fryer CAF-L04G ‚ÄºÔ∏è‚ú® Periode berlangsung sampai tanggal 30 September 2025 ‚úçüèª  #alwaysincontrol #karenabardi ,2025-09-24 22:12:22,762,7,37,576x1024,540p,h264,https://www.tiktok.com/@bardismarthome/video/7553658356561349900,bardismarthome,bardismarthome,6825599974706185218,MS4wLjABAAAAwqFSanm5TNDLmYCk-frJTg9R31aQo0bUhGxneyCShnHIDDXa92aiEchPWd5QgOO8,True,463800,7553659445067189003,suara asli - bardismarthome,bardismarthome,True,https://v77.tiktokcdn.com/de841b29e4b29a3bc36545bfad31fa5a/68d6b0cb/video/tos/useast2a/tos-useast2a-v-27dcd7/owZNqeAUIISlZyAFffjQnGUETIzKkHAeAJULGm/?a=1180&bti=ODszNWYuMDE6&ch=0&cr=0&dr=0&er=0&lr=default&cd=0%7C0%7C0%7C0&br=250&bt=125&ds=5&ft=.NpOcInz7ThtXkeKXq8Zmo&mime_type=audio_mpeg&qs=13&rc=MzxkNHk5cmt5NjMzNzU8M0BpMzxkNHk5cmt5NjMzNzU8M0AyNF4yMmRrbjZhLS1kMTZzYSMyNF4yMmRrbjZhLS1kMTZzcw%3D%3D&vvpl=1&l=20250925232630801CF99BB2D9140EEC0E&btag=e00048000&cc=13,"alwaysincontrol, karenabardi",Global,non-viral,2.0794415416798357,True,Test,-1,3.6375861597263857,6.637258031284457,0.5625,159,2,0,0,0,0,22,24,9,late,0,-0.5000000000000004,0.8660254037844384,1,1,1,0,2,1
7553741167641267487,They always grow up so fast don‚Äôt they ü•π #CaughtOnArlo @emwolov ,2025-09-25 03:33:58,352,13,17,576x1024,540p,h264,https://www.tiktok.com/@arlosmarthome/video/7553741167641267487,arlosmarthome,Arlo Smart Home,7116331558860899374,MS4wLjABAAAA7IkrMIxwmSnACjUKYTGD84avFbylbs6jrHthtaAWfdMKC55WD875WlcFyHF0PtIy,True,77500,7553741129544370975,original sound,Arlo Smart Home,True,https://v77.tiktokcdn.com/ac63ec27dee33f918e3741410bfca538/68d6b098/video/tos/maliva/tos-maliva-v-27dcd7c799-us/ooBAiK60qiTAAEWEPuUfAiRaDBOdViExog6IbA/?a=1180&bti=ODszNWYuMDE6&ch=0&cr=0&dr=0&er=0&lr=default&cd=0%7C0%7C0%7C0&br=250&bt=125&ds=5&ft=.NpOcInz7ThSXkeKXq8Zmo&mime_type=audio_mpeg&qs=13&rc=Mzs2cGs5cjw3NjMzaTU8NEBpMzs2cGs5cjw3NjMzaTU8NEBraW1eMmRzY15hLS1kMTJzYSNraW1eMmRzY15hLS1kMTJzcw%3D%3D&vvpl=1&l=20250925232559A8A3A89F8C64540ECAB3&btag=e00078000&cc=13,caughtonarlo,Global,non-viral,2.6390573296152584,True,Test,-1,2.8903717578961645,5.8664680569332965,0.5625,64,1,1,0,0,0,3,25,9,late,0,0.7071067811865475,0.7071067811865476,1,1,1,0,1,1
7554026100079283512,"BARDI IP Camera Indoor PTZ Syno bisa bikin kamu ketahuan!  Karena ada fitur motion detection, motion tracking dan fitur pan & tilt yang bisa bikin kamu melihat ke segala sudut ruangan üòé Dengan harga yang affordable, kamu sudah bisa punya IP Camera dengan fitur-fitur canggih! ü§© #alwaysincontrol #karenabardi ",2025-09-25 21:59:25,58,1,78,576x1024,540p,h264,https://www.tiktok.com/@bardismarthome/video/7554026100079283512,bardismarthome,bardismarthome,6825599974706185218,MS4wLjABAAAAwqFSanm5TNDLmYCk-frJTg9R31aQo0bUhGxneyCShnHIDDXa92aiEchPWd5QgOO8,True,463800,6768701782882420738,GOOD VIBES,Ellen Once Again,False,https://sf16-music-sign.tiktokcdn.com/obj/tos-alisg-ve-2774/1f17d2eceed24ac3879712692af5d0ad?lk3s=08d74b56&x-expires=1758835584&x-signature=XPXz6oL9OS%2FJIJGhe%2F7lSBg0BA4%3D,"alwaysincontrol, karenabardi",Global,non-viral,0.6931471805599453,True,Test,-1,4.3694478524670215,4.07753744390572,0.5625,308,2,0,0,0,4,21,25,9,evening,0,-0.7071067811865477,0.7071067811865474,1,0,1,0,2,1
