Video ID,transcript,transcript_word_count,speaking_rate,transcript_question_count,transcript_has_cta,keyword_alexa,keyword_google_home,keyword_review,keyword_unboxing,keyword_tutorial,keyword_how_to,keyword_setup,keyword_automation
7282414941955558662, FOR clothes Tianze Mango,4,0.2894356005788712,0,0,0,0,0,0,0,0,0,0
7391816340396444935," So I'm on a bit of a mission to make my home a lot smarter and I jumped on Amazon and I found this is the first thing I wanted to buy this is called a switchbot switchbot curtain very Straybot if you hadn't picked up already it's for the curtains So this is the curtain in question as you can see very annoying to have to do this all by myself At a quick look of instructions and there's a lot of words. So I'm just gonna wing it stairs too small Okay, they're a kind of small. Let me get bigger stairs stairs steps. Let's have a look Oh, hey, so how do you go in there the arms come off? Is that how I do it like this? Big brain wait, it's not in there It's not inside the curtain so well. This is finicky town downboats Wait, I think they did it it moved. Oh, it's trying to go that way. Hello. Love you're already at the end. We want to move right. Oh You're doing amazing sweetie. Just a little slow. Oh, she really sounds like she's struggling now For it to work you also do need to buy their hub as well Which is what this is this is a switchbot hub to which cost me about 130 bucks But it does do a couple cool things as well front of the screen here shows you temperature and the humidity settings of the room But the other cool thing is that you can set up all your infrared remotes through this as well So for your TV or for your air conditioner and then you can use it all through the app on your phone Check this out. Hey Siri close the blinds Okay So this is definitely phase one in operation smart home now. I'm just going to figure out what to buy next",321,3.676554804718818,2,0,0,0,0,0,0,0,0,0
7478251958663384327," This smart panel is via KARA S1+. But whether you can add devices from other brands to it, it really depends on your setup. Let me explain. Because I'm on Apple HomeKit, I can control and add any other brand devices to it as long as they have this logo. However, if you are on any of this other ecosystem or solely relying on the KARA app, unfortunately you will be bound to KARA products. On the bright side, KARA makes really good and affordable smartphone products. Therefore, you will still have a white range of products to choose from.",100,3.1456432840515887,0,0,0,0,0,0,0,0,1,0
7503873712844803374," Hello, Shao Le living room display. Hello, Shao Le kitchen display. Let's say I want a knife or a drink, it will automatically find it according to your command. Hello, Shao Le cloak room display. Hello, Shao Le time to wake up. Hello, Shao Le cloak room display.",48,1.59256801592568,0,0,0,0,0,0,0,0,0,0
7532818182160059666," which smart home systems to use. Here are my recommendations for three stage progresses setup depending on where you are currently in your smart home journey. For stage 1 is to go with something simple to start with. Option 1, Apple HomeKit. Option 2, Google Home. Option 3, Amazon Alexa. Move to stage 2. In-kit users, you will want to add a home bridge or hope to your setup. System Google Home users, you will want to move out all your configurations to either smart things or homey. Google Home will be just be left with your voice commands and any other devices that you just can't integrate. Alexa users, it will be something similar. Stage 3, you're going to remove whichever systems that you have added in stage 2 and replace that with home assistant. So you can even have a mixture of Google, Amazon and Apple devices if you want. You have easy user friendly dashboards for your family to access the smart home. Then new yourself is like the IT admin using home assistant to manage and monitor the setup.",183,3.1622602384655263,0,0,1,1,0,0,0,0,1,0
7459216117144341767," Be careful with Alexa. If you have an Alexa device like this in your home, you will be shocked by what I'm about to show you. Go to amazon.com and on your profile, select your account. In the next menu, find the option that says content and devices. Select devices and click on Echo Dot and then select the Echo Dot you own. There is a menu quite hidden over here under Privacy and Settings, so click on Alexa Privacy and in this menu, click on View Voice History. Here you will find all your recorded voice history, like this one for example. Everything you say is being recorded, but what is really alarming here is that Alexa records things even when you're not directly talking to Alexa. For example, here's something it picked up during a call. Even though I didn't say Alexa, creepy, right? If you don't want this, click on Manager Alexa data and then choose how long to save or if you prefer, you can choose to delete your whole data history. Amazon could be using these recordings to improve their services, but what if Amazon gets hacked? Keep your friends informed and don't forget to follow and share for more.",205,3.068862275449102,2,0,1,0,0,0,0,0,0,0
7547231694214974738," This training board ice-keyboard! Here are our DIY smart home setups that just make sense, including what we used configured with Apple HomeKit. First is our smart floor fan, one tap on the iPad controls and firehouse. We can instantly see which lights are on and the best part it only costs 150 for a lifetime subscription and we also use our iPad to run our dishwasher, washing machine and real-bop back. Another setup that we really like are the shortcut switches. Our goodbye buttons shut down everything and close us a curtains when we go out and our goodnight button turns off the lights and powers on the aircon and fans. Now this is probably our most useful setup yet. Using motion sensors to turn on certain light configurations and even our water heater. This is super useful when our hands are full. Oh when we forget to turn something on. The last setup that really makes sense for us is using adaptive lighting. It's something subtle but noticeable and it changes the mood of the house automatically throughout the day and don't worry it's a free feature in Apple HomeKit so you just gotta make sure that you've got the red accessories. Before we start to under DIY we will quote it close to $8,000 for less than what you see here. Configuring your smart home is definitely not as hard as it looks but it does take a little effort and patience. So if you want to know how to set up your own smart home or know what we used, follow to find out more.",269,3.1414223986920473,0,0,0,0,0,0,0,1,1,0
7268383374119570721," You wanna create your smart room where you don't know where to start and maybe you've got a few smart objects where you don't feel like it's making your life easier. This playlist is for you. I'll tell you everything you need to know in order to create the coolest smart room. Here are 3 secret rules you should keep in mind. Rule number 1. If it's not an improvement, don't do it or make it better. If you buy smart bulbs in your house and you need your phone to turn them on, you're doing it wrong. Flipping your Google switch is faster than using your phone. Rule number 2. The perfect smart room doesn't need apps or voice assistance. I know it can be hard to picture since literally every smart brand in the market sends you a positive signal by telling you how convenient it is to use their app to turn on their lights. But remember that the most profound technologies are the ones that disappear. Rule number 3. Avoid clouds at all costs. Apart from the security flaws and dollar are vesting, clouds can be unreliable. We all remember when Nest went down leaving all their users with a lot of freezing temperature inside their own homes. If you build a smart room, make it your own. These general rules would prevent you from wasting time and money while creating the best smart room. But remember that, above all, making a smart room is fun. Now we can move on on what you need to buy and which software you should use. See you in part 2.",272,4.357577699455303,0,0,0,0,0,0,0,0,0,0
7550831781096819986, Ù„Ø´Ø¨ÙŠØª Ù‡Ø°Ø§ Ø§Ù„Ø¬Ø·Ø¹ Ù…Ø§Ø±Ø­Ø© Ø¶ÙŠØ¹ Ø´ÙŠØ¡ Ø£Ø¨Øª Ù‡Ø°Ø§ Ø§Ù„Ø¬Ø·Ø¹ Ø³Ù…Ù‡ Ø§ÙŠØ±ØªØ§Ùƒ Ù…Ù† Ø£Ø¨Ù„ Ø§Ù„Ø¬Ø·Ø¹ Ù‡Ø°Ø§ Ø±Ø£Øª Ø³Ù…Ø­ Ù„Ùƒ Ù†ÙƒØªØªØ¨Ø¹ Ù…ÙƒØªØ§Ù†ÙŠØ§ØªÙƒ Ø¨ÙƒÙ„ Ø¯Ù‚Ø§Ø¡ ØªÙƒØªØ¨Øª Ø­Ø·Ø© ÙÙŠ Ø´Ù†Ø§Ø· ØµÙØ§Ø±Ùƒ ØªÙƒØªØ¨Øª Ø­Ø·Ø© ÙÙŠ Ù…Ø­ÙØ¸ØªÙƒ ØªÙƒØªØ¨Øª Ø­Ø·Ø© Ù…Ø¹ Ù…Ø¯Ø§Ù„ÙŠØ§Øª Ù…ÙØ§ØªÙŠØ­Ùƒ Ø§Ù„Ù…Ø¬Ù…Ø¹ ØªÙƒØªØ¨Øª Ø­Ø·Ù‡Ø§ Ù…Ø¹ Ø£ÙŠ Ø­Ø§Ø¬Ø© Ù…Ù…ÙƒÙ†Ùƒ Ø¶ÙŠØ¹Ø© ÙŠØ¹ÙŠ Ù„Ùˆ Ø±Ø­Ù†Ø§ Ù…Ø«Ù„ Ù…Ø¹Ùƒ Ø¶ÙÙ„ Ùˆ Ø±Ø­Ù†Ø§ Ù…ÙƒØ§Ù† Ù…Ø²Ø¯Ø­Ø§Ù‹ Ø®ÙØªÙ†Ø§ ÙƒØ¶ÙŠØ¹Ø© Ù…Ù…ÙƒÙ† ØªØ­Ø·Ù‡Ø§ ØªØ³Ø§Ø¹Ø¯Ùƒ ÙÙŠ Ø§Ù„Ø¹Ø«ÙˆØ± Ø¹Ù„Ù‰ Ù„Ùˆ Ù„Ø³Ø§Ù…Ø­ Ø§Ù„Ù„Ù‡ Ø¶ÙŠØ¹Ø© Ù…Ù† Ø§Ø³Ø¨Ù„ÙŠ Ø§Ø³ØªØ®Ø¯Ù…Ù‡Ø§ ÙÙŠ Ø³ÙØ± Ù…Ø±Ø¶ Ù…ÙˆØ±ÙŠ Ø¨Ø­ÙŠØ« ÙŠØ­Ø·Ø© Ø¬Ø·Ø¹ ÙˆØ§Ø­Ø¯Ø© ÙÙŠ ÙƒÙ„ Ø´Ù†Ø·Ø© Ù…Ù† Ø§Ù„Ø´Ù†Ø§Ø·ÙŠ ÙˆØªØ£ÙƒØ¯ Ø§Ù† Ø§Ù„Ø´Ù†Ø§Ø· Ø§Ø±ÙƒÙ…Øª Ù…Ø¹ÙŠ ÙÙŠ Ø§Ù„Ø·ÙŠØ§Ø±Ø© ÙˆØ¨Ø±Ø¶ÙˆØ§ Ø¥Ù„ÙŠ ÙƒØ§Ù†Øª Ø§Ù„Ø´Ù†Ø§Ø· Ø¹Ù„Ù‰ Ø³ÙŠØ± Ø§Ù„Ø£Ù…ØªØ¹ Ù‚Ø¯Ø±Øª ØªØ­Ø¯ÙŠØ¯ Ù…ÙƒØ§Ù†Ù‡Ø§ Ø¹Ù† Ø·Ø±ÙŠÙ‚ Ø§Ù„Ø§Ø¦ÙŠÙÙ† Ø¬Ø¯Ø§Ù‹ Ø¯Ù‚ÙŠÙØ© ÙŠØ¬ÙŠØ¨ Ù„Ùƒ Ù…ÙƒØ§Ù†Ù‡Ø§ Ø¨Ø§Ù„ØµØ§Ù†ØªÙŠ Ù…ØªØ± ÙˆÙ…Ø§ Ù…Ø«Ù„ Ù…Ø¹ Ù…Ø¶ÙŠØ¹ØªÙ‡Ø§ ÙˆØ³ØªØ´Ù†Ø·Ø± Ø§Ø­ØªØ¬Ø¯ Ø±Ø´Ø§ÙƒÙ„ ØµÙˆØª Ø¹Ù† Ø·Ø±ÙŠÙ‚ Ø§Ù„Ø§Ø¦ÙŠÙÙ† Ø·Ø­ÙŠØ· Ù„Ø¹ØµÙˆØ¶ Ù…Ø«Ù„ ÙƒÙŠØ¯Ø© Ø£Ø´ÙˆÙÙ‡Ø§ Ø¬Ø·Ø¹ Ø¶Ø±ÙˆØ±ÙŠØ© Ø¬Ø¯Ø§Ù‹ Ù„Ø§Ø³ÙŠÙ…Ø§ Ø¥Ù„ÙŠ ÙƒÙ†Øª ÙˆÙ…Ø³Ø§ÙØ± Ø¹Ù†Ø¯Ùƒ Ù…ÙƒØªÙ…ÙŠØ§Øª Ø¬Ø¯Ø§Ù‹ ÙÙ…ÙŠÙ†Ø© Ù…Ø«Ù„ Ø´Ù†Ø§Ø· ØºØ§Ù„ÙŠØ© Ù†Ø­ÙØ¸Ø© Ù†ÙØ§ØªÙŠ Ø­Ù…Ø§ Ø§Ù„Ù‰ Ø°Ù„Ùƒ,144,2.410848819688599,0,0,0,0,0,0,0,0,0,0
7457735244221926699," Today I'm making my luxury apartment just a little bit smarter. I just received the Amazon Echo Show 15 and I already know that it's about to make my day-to-day life 10 times easier. Virtually everything in my apartment is managed by Alexa. Whether it's my music, schedule, grocery list, or even real-time updates on the weather and traffic. Oh, and most definitely my lighting setup in every room as well. By mounting the Echo Show 15 in the central location in my hallway, I'm not just enhancing my space, I'm creating a command center for myself and any of my guests that may be visiting me. For example, if you want to adjust the lights in my living room, it's done right from here. Gotta order some groceries for the play-offs this weekend. Easy, or maybe it's just time to unwind for the night. Alexa, it's time to relax.",150,3.004205888243541,0,0,1,0,0,0,0,0,1,0
7553741167641267487,low,1,0.05698005698005698,0,0,0,0,0,0,0,0,0,0
7553146633588837649," Maksudankan anda gathered onguckeranĞµĞ½Ğ¸ di 8ì¤„ ini Steven Maafa Saya WiÄ™c Malu untuk mencçµ Abang Kera Withonå›š Yao Dan adil Berasa middle Jomin Are ket major Sarah unten Mak Akan kangir VikiĞµĞº indirect Akan Luther NgaraIR Raja dan menangat pada beli duit. Selepas vino tidak foolish untuk menangatthose, tetap loosely menppen karya pun. Orang yang lebih psymas encore suatu deinen tiba-tiba untuk men incredible Onbaå§ sewara. H IR Miroman H hijackete serapkanze embrace Ğ¿Ğ¾ÑÑ‚ÑƒĞ¿ kemasIS tujuan semua tahun grated terakhir.",80,1.7141632740518533,0,0,0,0,0,0,0,0,0,0
7432368577182764331," This newly constructed smart home in Cuernabaca will blow your mind. You've never seen anything like this one. Located in the exemplary Eans School District, right near Lake Austin, on one huge flat acre. Every square inch of this property was curated with the latest technology in mind. With all this tech, this home has the capability to live off the grid in any extreme weather situation. Not only does this home have two primary suites, it has sonos speakers throughout and a zero dollar electric bill. And this house wouldn't be complete without a UV water filtration system. And why that's important is that your commercial grade steamer is giving you the purest water. If you'd like to schedule a private tour of this home, send us a DM.",130,2.1501819384717167,0,0,0,0,0,0,0,0,0,0
7256958060546034945," ke Stage 5. Chiederti CCTV puang hyaf berkana di Kalau incompan dengan makanan tuja atau siapa yakæ€æ¨£, Res niet saya simpan. Jadi, kalau iya presenter sama diri avec olehÃ¤t baterai addicted TV diagram, bukan RammmTOs. Kan makanan. Paranggak termasuk mengisidikan rib crestan. Pada acara- lang eligible payah ini ramai suami lagu dan ayung Ğ±ÑƒĞ¼alah boleh yaa kuat memberitah Ñir konhold di Rammmto. Soud lama tuja bagaimana assez ì¿ ahu rainforest yang memakaap suami van mereka sahajaæ€ä¹ˆäº†. Kehlas yang merci pelanggan di dalam ruang kawaj Maul track impu dan tepat-tap ruang kawaj words. enquanto kahirnya jugaÃ©dah drug.",95,1.50578538595657,0,0,0,0,0,0,0,0,0,0
7553658356561349900," Buat kamu yang sering belan jadi aplikasi emul barbi, selamat kamu berkecempatan untuk menjadi toksmender barbi di bulan September ini loh. Tentunya ada ada spesial buat kamu yang terpilih jadi toksmender barbi, ya itu air frayer dari kuku. Ini tuh air frayer dari kuku sudah mendirikap pasika sepati per dengan retang subum 40-207 celsius, konsumseli streak 700 wad dengan pererde masak 1-160 menit. Harganya senarut seribuan aja, tapi kan bisa dapatin secara gratis loh. Seriusnya cuma sampai akhir bulan September ini aja loh, jadi jangan lepoblan jadi aplikasi emul barbi ya. Bye!",92,2.433862433862434,0,0,0,0,0,0,0,0,0,0
7436941135970389304, music,1,0.04730368968779565,0,0,0,0,0,0,0,0,0,0
7382207567855897873," Hi, friends. Pertama lasi melawal dia, dengan souvent known. ...tidak suara, saya cuma nak beritahu mereka semua. Dan kemudian, saya mencari kembali... ...dan semua orang lain yang lain. Jadi, saya cuma nak beritahu mereka... ...saya beritahu mereka. Ada, ya. Saya cuma nak beritahu mereka yang paling mencari... ...saya beritahu mereka, okey? Ini mencari saya. Dan kalau saya nak beritahu mereka, saya cuma beritahu mereka. Wah! Saya nak beritahu mereka. Beritahu mereka. Beritahu mereka. Apart from that, semua orang beritahu mereka. Hey Google, beritahu mereka beritahu mereka. Oh, saya. Mereka beritahu mereka. Awak lihat itu? Hey Google, beritahu mereka beritahu mereka. Ya. Saya nak beritahu mereka. Awak lihat? Saya nak beritahu mereka. Bila ke rumah, bila ke rumah. Dan kalau awak menghantar ke rumah, ...saya akan kembali ke rumah. Ada kata-kata kecil. Dan semua kata-kata kecil, kecil, kecil, kecil, kecil, kecil, kecil. Dan juga saya cuma ikut saya. Saya takkan beritahu mereka beritahu saya. Jangan beritahu saya. Okey, kemudian di yeux dan kembali ke rumah. New guys, saya gembira. Plus, ibu saya gembira. Dan kemudian yang awak semua beritahu saya, ...saya sangat seronok. Saya tak rasa terlalu beritahu dia. Jadi saya mungkin akan lupa awak lagi. Okey, terima kasih kerana menurut saya. Terima kasih ke rumah ke rumah, awak gembira. Wah, ah, dah selama saya? Saya nak beritahu dia. Kaven, Wingloon, KWY out. Sebelum Julus dan saya beritahu di mana untuk pergi ke mana-mana. Kita beritahu mereka dengan penuh. Kaven beritahu semua penuh. Wingloon dan KWY out beritahu semua penuh. Kami akan beritahu di mana-mana. Terima kali, kamu akan beritahu ke mana-mana. Saya akan beritahu. Okey, saya beritahu kamu dan Julus, saya hanya beritahu saya bahawa KWY out. Kami juga boleh beritahu ini. Kami beritahu, Mungkin lebih dari 30%. Tak, saya beritahu, Mungkin lebih dari 30%. Mungkin lebih dari 30%. Mungkin lebih dari 30%.",303,2.1585808933532804,4,0,0,0,0,0,0,0,0,0
7325601228078189870," How to turn your apartment into a smart home in less than 60 seconds. Let's do it together and we're going to start with smart lights. I picked up these Eco Smart Hub Space bulbs from Home Depot. They're affordable, take less than 60 seconds to set up, and you don't have to do any wiring. The smart features allow you to customize the light color, color temperature, and brightness. You can activate custom schedules and home automations in the Hub Space app. pair these with a smart speaker and you can control them with just your voice using Google or Alexa. Alexa turned the bedroom lights on. Okay. And they are super affordable. Certain bulbs start at just $10. So if you're looking to upgrade your home with one simple product, head over to Home Depot and grab a few of these light bulbs.",145,3.8666666666666667,0,0,1,0,0,0,0,1,0,1
7118269108319259906, Little bit like life is woo Now make a march is a little bit Spin the little more dig a bit of it Smile a little more and I'm in a win I've been running through the street I've chased another green light Throwing up for shit For a little bit of sunshine Hit me with the good vibes Pictures on my phone like Everything is so violent Little bit of sunshine,72,3.067746058798466,0,0,0,0,0,0,0,0,0,0
7272820193456295174," Smart Home Automations You Need Part 1 Can these regular laundry machines become smart? You can use these vibration sensors connected to hoops to detect movement if the machines are on, off. It will automatically send you or other people you choose a notification.",44,2.4136039495337354,1,0,0,0,0,0,0,0,0,1
7546774518530936071," Picture this. You're called up with your favorite book, but instead of fumbling for the light switch, you simply whisper, dim the lights. Boom! Perfect reading ambience. That's the magic of smart home tech for us bookworms. Imagine e-readers that turn pages with a nod or shelves that suggest your next read based on your mood. Onget these, some systems even track your reading patterns, adjusting room temperature and lighting to keep you comfy during those late night page turners. It's like having a personal library assistant. Minus the shushing. The future of reading is here and it's pretty darn cool. Ready to upgrade your reading look? Check out smart home solutions for all your literary tech needs.",118,3.154236835070837,1,0,0,0,0,0,0,0,0,0
7436510188028300599," Good for you, everyone!",4,0.1923076923076923,0,0,0,0,0,0,0,0,0,0
7506085287307578632, Doesn't it love violin's exactly what I want?,8,0.35226772346983704,1,0,0,0,0,0,0,0,0,0
7408604115791580448," Just peel off the sticker, switch the knob, stick it over your lock, snap on the housing, insert the batteries, stick this magnet by its side, and now this button on your phone will remotely trigger this mechanism which will unlock your door from anywhere in the world. If the phone isn't your style, just attach this keypad to the frame, and you can now unlock the door with a code, keycard, or a fingerprint. And if you need to let someone in that you don't trust, you can send them a single use passcode. It comes with different attachments so it can be installed on any lock, so get one for yours with a link in my bio.",119,4.316285817918027,0,0,0,0,0,0,0,0,0,0
7547665817412881685, Lime,1,0.2188183807439825,0,0,0,0,0,0,0,0,0,0
7510225167105232149, You want more of those? Take the eyebrows again. With wet consumables? This is our cat endpoint circle and light Original Tool or Storytale. Come on. ğŸ˜‹,27,0.8115419296663661,2,0,0,0,0,0,0,0,0,0
7390688211606965511," Wah! Hai, saya, Miss! Hai! Awak di rumah ini? Ya, definitely! Jadi, saya di sini. Ini kecil saya. Oh, itu kecil saya? Ya, saya tak ada kecil. Ya, pasti. Okey, mari kita pergi. Mari kita tolong di rumah. Okey. Mari kita tolong di rumah. Di rumah. Oh! Selamat tinggal! Ini kecil saya. Jadi, awak boleh tolong di rumah. Ya, sebenarnya kita dari kecil saya. Jadi, ini adalah kecil saya yang akan berlaku kecil. Jadi, ini adalah kecil saya. Wow! Mari kita tolong di rumah. Kita takkan kata, kita boleh hanya tolong di rumah. Oh! Oh! Jadi, kita boleh tolong di rumah. Ya, awak tengok kecil. Cepat kecil saya. Ya, awak lihat. Kami kecil saya, tempat kecil saya, atau cuma nak beritahu dan beritahu ini adalah kecil saya. Ini sangat besar, bukan? Ya, itu kenapa kita ada kecil di rumah. Oh! Mari kita tolong di rumah. Oh, wow! Ini kecil saya. Lalu masa akan pergi. Terima kasih. Mari kita pergi. Dia ada kecil saya yang lain. Terima kasih. Wah, bagus, bukan? Jadi,æˆ‘å€‘çš„ pengalaman anda seperti juga. Ya! Berserah di installations. Yang baiknya, Ksifat di vagis je Kemplama Rd 8. Terima kasih. Seronok dangrade masak-kalaman penjadikanan. Wah... Buat viewing kecep czylià¥‹ih Luang lihat. Awak boleh coba scrolling Sitting Canda Ksifat. 005 pada Waiteri benefi kita, dia perangkat all cosmetic features di party AristotleĞ T cruise atau perkara histor pelo atau pense tentangnya pada sesiapa pendek. Kenapa saya memperlukan menglumatkan awak?ï¿½, scenara dan kecil dib Episode 5w,Ğ°ĞµÑ‚ÑÑ PÃ¥arda hebaten apalinya Jangan telah bergotuckeran saya. Terima kasih lagi,ahaha! Kamu boleh mendapatkan aussi44 baru quoting database",261,2.9119714381345534,5,0,0,0,0,0,0,0,0,0
7550831830702902546, Ù‡Ø°Ø§ Ø£ØµØºØ± Ø§Ø±ØªØ§Ø¬ ØªØªØ¨Ø¹ Ù…Ù…ÙƒÙ† ÙŠÙ…ÙˆØ± Ø¹Ù„ÙŠÙƒ Ø­ØªÙ‰ Ù…Ø§ ØªÙ†Ù… ÙÙŠ Ø´Ù†ØªÙƒ ÙˆØ¨Ø¹Ø¯ÙŠÙ† ØªÙƒØ¯Ø± Ø§Ù„ØªØ¨Ø­ Ù…Ù† Ø®Ù„Ø§Ù„ Ø§Ù„ØªÙ„ÙÙˆÙ†Ùƒ Ø´Ø¨Ø¹Ø§ Ø§Ù„Ø´ÙŠØ¡ Ø§Ù„Ù…Ù…ÙŠØ² ÙÙŠ Ø§Ù„Ø§Ø±ØªØ§Ø¬ Ù‡Ø°Ø§ Ø£Ù† Ø§Ù„Ø¶Ø§ÙØ· Ø¨ØµÙŠØ¯ Ø¬Ø¯Ø§ Ù…Ù† Ø®Ù„Ø§Ù„ Ø·Ø·Ø¨ÙŠÙ‚ ÙÙŠÙ† Ù…ÙŠ ÙÙŠ Ø§Ù„Ø§Ø¦ÙŠÙÙˆÙ† ÙˆÙŠØ¶Ø¹ Ø§Ù„Ø¨Ø·Ø§Ø±ÙŠØ© ØªØ¯ÙˆØ­Ø© Ø«Ù„Ø§Ø«Ù…ÙŠÙˆ Ø®Ù…Ø³Ø© Ø³ÙŠÙƒÙˆÙ† ÙŠÙˆÙ… ØªÙƒØ¯Ø± ØªØ¹Ù„Ù‚ Ù…Ø¹ Ø§Ù„Ù…ÙØ§ØªÙŠØ­ Ø£Ùˆ ØªÙƒØ¯Ø± ØªØ­Ø· ÙÙŠ Ø§Ù„Ø´Ù†ØªØ© ÙˆÙ…Ù† Ø®Ù„Ø§Ù„ Ø§Ù„Ø·Ø·Ø¨ÙŠÙ‚ ØªÙƒØ¯Ø± ØªØªØ¨Ø¹ Ø¨ÙƒÙ„ Ø³ÙˆÙ„Ø© Ø´Ø¨Ø¹Ø§ ØªÙƒØ¯Ø± Ù…Ø«Ù„ Ø£Ù† ØªØ³ØªØ®Ø¯Ù… Ø§Ù„Ø¹Ø±Ø¨Ø© Ø§Ù„Ø§Ø·ÙØ§Ù„ Ø£Ùˆ ØªÙƒØ¯Ø± ØªØ³ØªØ®Ø¯Ù…Ø© Ù„Ù„Ù…Ø­ÙØ¸Ø© Ø£Ùˆ Ù„Ø¯Ø±Ø§Ø¬Ø© Ø£Ùˆ Ù„Ø´Ù†Ø· Ù‡Ø°Ø§ Ø§Ù„Ø¬Ù‡Ø§Ø² Ø§Ù„ØµØºÙŠØ± Ù„ØªØªØ¨Ø¹ Ø§Ù„Ø§Ø±ØªØ§Ø¬ ØªÙƒØ¯Ø± ØªØ·Ø¨Ø¹ Ù…Ù†,81,1.9135364989369243,0,0,0,0,0,0,0,0,0,0
7553396066536803639," I asked my mom if I could have a lady friend over today. She said okay, but only if she could stay in the room. Yeah, that wasn't gonna work for me. After a heated back and forth, we struck a deal. She'd lead the room, but only if she could set up the Arlo essential pantilindor camera to keep an eye on us. I told her Arlo is for protecting your home, not for spying on your dog's date, but a deal is a deal. Once the camera was set up and mom created a custom AI alert for any funny business, we texted Lola to kick things up. The date started off strong. We ran wild, burned off our energy, and then finally made our way to the couch for some snugs. But sure enough, mom caught the exact moment we got a little too close. We were busted in 2k, and you won't believe how she used the two-way audio. Hey, 2 feet apart, please. And she didn't stop there. She sent the incriminating footage to dad, but that backfired on her because he was far from upset. That's my boy. My mom definitely knows more and controls more with Arlo, but I found a way around it. Prevacy mode activated. We are so back in business. Comment below what would your mom catch you doing on camera.",231,3.2995286387658904,0,1,0,0,0,0,0,0,0,0
7441895333245832466, Music,1,0.07886435331230283,0,0,0,0,0,0,0,0,0,0
7405072626927815943," With a price tag of 500 tonnes, do you think it's worth it? And more importantly, what can it do? This is an upgrade from my previous Smart Switch panel, so honestly, it may be the best thing I did for my home. It's not only a 3-gang switch, it also acts as a dashboard to control every switch at light in my home. I can run scenes, play music, and even livestream my doorbell camera whenever someone presses the doorbell. It has a proximity sensor which wakes up whenever someone approaches it and doubles as a photo album while not in use. Now what do you think?",108,3.312883435582822,3,0,0,0,0,0,0,0,0,0
7166538032642854146," Now everything take the color Hey now, hey now This is what dreams are made of",16,0.9975062344139651,0,0,0,0,0,0,0,0,0,0
7532667029464173832," Hey, this is how simple it can be. Turn on the master walking. There you go. Turn it off. And let us show you how easy it is to control your entire home using Apple Home. All you have to do is use voice commands or a quick tap. Hey Siri, set the downstairs aircon to 25 degrees. Hey Siri, open the ground corridor blind. The chill's got you spilled on my back. Can you be filled with this? Hey Siri, turn on the door to your once. So we're walking into the master bedroom. So right now, it's going to click on master on. Hey Siri, turn the lounge room once on. Hey Siri, turn the lounge room once on.",121,1.9487840231921403,1,0,0,0,0,0,0,0,0,0
7457850572377459976, Outro The Mutto,3,0.10989010989010989,0,0,0,0,0,0,0,0,0,0
7122084866186841345, Watch this video before buying the perfect smart switch for your home. These are the two main types of smart switches. The button clicks and rocks back and forth when you press them. The glass smart switch has a tempered glass touch panel. And some would prefer this as it won't make a sound that might wake up light sleepers at night. The colors don't just come in black and white. There's more. Head down to our showroom for a live demo.,82,1.8846242243162492,0,0,0,0,0,0,0,0,0,0
6995551362050247941, So the problem with the switch bar was that you couldn't turn the light off after switching it on. To solve this all you have to do is loop the wire around the bar and attach the sticky pad to the switch. Then put the robot into switch mode and you now have the option to turn the light on and off.,62,4.5824094604582415,0,0,0,0,0,0,0,0,0,0
7339811956792085768," Hmm, they say one color is boring. So...",8,0.4587155963302752,0,0,0,0,0,0,0,0,0,0
7050372096538447106, My smart home automation. I am home.,7,0.43451272501551835,0,0,0,0,0,0,0,0,0,1
7416143555502050603," Here are my top five bedroom tech essentials. I've skeptical of the Samsung frame at first, but I really love the artwork feature, especially in the bedroom where TV can be intrusive. There's an artwork store where you can choose artwork, I like to pick something seasonal and then customize the matte size and color. I love my motorized shades, especially using the remote to open them up from bed in the morning. I typically keep it mounted on the wall, but there's an app too. Every single light in my bedroom is a hue light, which works with home automation, but more importantly, can all be controlled from one convenient light switch. And for lamps that won't take one of few bulbs like this picture light, you can just use a hue plug to integrate it into your system. I like having a quality three and one dock next to my bed, and I like this one I picked up on Amazon, which I'll have linked in my bio for you. It comes in a nice space black finish and has a good weight to it, plus an articulating mag safe mount. Apple TV may seem obvious, but I like having one in the bedroom so I can pick up my shows right where I left them in the living room. If you made it into this video, leave a comment with the bed emoji.",236,4.489252425337645,0,0,0,0,0,0,0,0,0,1
7411242918377196806,,0,0.0,0,0,0,0,0,0,0,0,0,0
7525643638123056402," The iPad is removable, so you take this off where I custom mount there. Some people like them flush mounted in the wall. I don't. Reason being is, iPads change their shape and their size and the charges all the time. Well, hopefully not the charges anymore. If you want to change this later, it's an easy fix. You don't have to damage the wall, things like that. It's just more practical.",72,3.438395415472779,0,0,0,0,0,0,0,0,0,0
7549996642129169686," VÃ¢ntru Ã®n astfel de proiect de automatizare avem mai multe tipuri de iluminat È™i bine Ã®nÈ›eles variante de control. Avem È™i de Ã®ncastrate cu comunicatie dalii, astaseamnÄƒ cÄƒ putem vedean sistem fiecare core de iluminat Ã®n parte, Ã®l putem controlale, putem grupa, putem controla intensitatea de la 0% la 100%, avem bandÄƒlet perimetralÄƒ, care È™i aceasta se poate dima de la 0% la 100%, core de iluminat spotul Ã®ncastrate de tipu o 9% È™i pendule pe comunicatie 3 de la locson, aceste pendule sunt smart, astaseamnÄƒ cÄƒ putem faci iluminÄƒre, celuminÄƒ calde, dimare È™i chiar È™i iluminÄƒ coloratÄƒ.",98,2.208699571782736,0,0,0,0,0,0,0,0,0,0
7548765146634669319,,0,0.0,0,0,0,0,0,0,0,0,0,0
7455762468644605217," These are my top 5 smart home tech essentials to enhance your living experience. At number 1 is the Apple TV 4K, this is a great addition to the Apple ecosystem with built in Siri, HomeKit, Control and even FaceTime, and the operating system is miles ahead of any other smart TVs out there, most importantly it won't break the bank, they start from just Â£149 and are a great gift for anyone. Next up is lighting, this can really help enhance the mood of any living room space, and give in ambience for when you're either watching TV or just chilling with family. I'm using these Nano Leaf RGB light strips behind the TV and cabinet, and I think it gives a nice floating effect to the TV but also acts as a good lighting source for the room. I've also got these shapes from Nano Leaf which definitely give the place of character, and are a major talking point for my living room. These lights are also HomeKit enabled so you can control them from your Apple devices. Third is something that I think isn't prioritized enough, and that's the air quality in your home. I'll always recommend an air purifier, this is the never change 5 by shock, and I love it because the filter's last up to 5 years, and all you have to do is vacuum these trays every few weeks. It also has a percentage gauge on top to show you the air quality of your home. Now staying on the topic of cleaning a powerful vacuum that's easy to use and has some cool tech is the Dyson V15 detect. It comes with a soft brush head specifically made for hard floors which also has a built in laser to show you where the dirt is, but be careful because it can become addictive. For me though, it's now become a must have. Last but not least in order to control my smart home, some sort of smart speaker is needed. I'm using a few HomePod minis which I've dotted around the house, and this just makes it easier to control scenes and lights just using my voice. So those are my top 5 smart home tech products that I think would make your place just that much better.",386,4.000829187396352,0,0,0,0,0,0,0,0,0,0
7286439579064864007," Saya tak tahu confirmation gila nih, isengnyaimanin gue gue avec compte tetapi semua ini jadi suami plugging jadi example kami realizando diploma per cupatan bermini boleh fkancian atau tiada dan bisa mengorgangurkan jawapan dan mereka just mencerimkan suami seperti ini jadi terus pun hÃ¡mpir pol hates mÃ³wik kami marah mula gini quedkan pitu memang menggantung kemmoi Biar kecukunya. removed ch demokkan. Lagi-lampuan, Pemukutnya kita akan merantakan linking. Kita vah Cuma Across!<|ms|> spine dik Ğ½Ğ¾Ğ²Ñ‹Ğ¹. Apa ë˜ara yang mené»juk trÃ¨s lamaæˆ‘è·Ÿä½ à®³ini saya sebenarnya ? Alhamdulillah ! dan struggles ke acara dan mereka asyik Jadi persetian untukrifat bangsa mereka tak lectures benar dengan teman-benar ayah tidak akan memiliki selama hati, menaciÃ³n tarik Jadi selama thereafter apa jika dia masih ada kelihatAssah keomem Jadi despuÃ©s ada rasaiak sebaik di sebuah main selama Daten bagi kamu acknowledging berikan memberi saya Tiput, ini ber gameplay ketika ayah ber MIKE Kuri yangED mecegkanilen Jemput kalau kamu bell sepatutnya kita cakap bersama dengan banyak disini Jadi makcumlah sÃ³n saya Tadi !othepage yang hebat bisa berbesar dari betapa dari uitokannya dari setiap homage Kawli penyappan semak sama Taræ­Œ teriu tidak normasi Tentang kapl qualitative Mereka akan berkata nesse Ya, ayah...beberu biar cå…‹ik itu bermata itu mengenalâ€‹ masih saya tak berdua meneris agama tempat di sini, masalah jadi kepada pahala Semua compartilho Sleeping Night Jadi saya wedang ke kerejaan mereka harus mendengar dan mengembaksa hahaha Aku harus lebih boja tentang forÃ§a pintuizedan, dan aku akan b Playstation Saya rasa pasti Dari sini, lagi",244,1.3816534541336354,1,0,0,0,0,0,0,0,0,0
7466121287056788778," Man, I don't know which device I should get from my home. Yo, what's up? Yo, she don't want to get some smart home devices, but I don't know which ecosystem to go with. There's Google Home, Apple HomeKit, and Amazon Alexa. What's the best? Yeah, choosing devices on the same ecosystem may make things a little bit easier, but you don't have to. As long as the device supports matter, then you can choose any device you want. What's matter? Matter is a universal language for smart devices, so even if devices are from different brands, they can still talk to each other because they speak the same language. All you got to do is make sure that you see this logo whenever you're shopping for a new smart device. Wow, I didn't even know about this, and I can use it with any app. Yeah, for example, you can use the Google Home app for any device that supports matter. But if you want to take things a little bit further, then you should check out Home Assistant. It's an open-source app that gives you a lot more functionality and features to automate your home and smart devices.",200,4.13992962119644,3,0,1,1,0,0,0,0,0,0
7548382358760639762, I'm in the mood to see some action Ooh Ooh Ooh Ooh Ooh Ooh ooh Ooh ooh And watch me and watch me Oh oh oh oh oh oh Ooh Oh Oh oh oh oh And watch me Ooh Ooh Ooh Ooh Ooh,43,1.519434628975265,0,0,0,0,0,0,0,0,0,0
7545431342029262098," back to money ibu. Bach seguonugen menghabiskan nyornaskan tanggung kamu buat Bukhelines nogir darim, ke yakalan dan perbedawayan kau Di huz toggle, AtauĞ´Ğ¾ kena ungak Letan amat durable others safety. discurhanat yang ber mantap, hantar bagian perth defect, mulai untuk quelaskan ke alserik employ. Kaltanya tak ad that Ä‘Æ°á»£c dipaksakan kejå°‡at saya orientasi dikerìš¸ tepat itu. ergonåŒ£i P charmuri yang dapatpun, untuk membantu zwarong di supaya di akustik teruk meres document scenario includehopi,",73,1.335528723015002,0,0,0,0,0,0,0,0,0,0
7511177028679388424," Kalau kamu selalu mempunyai ke rumah ke rumah, tapi kembali ke dalam masalah, melihat video ini. Saya ada kembali ke rumah 3, 4, 5, dan juga kembali ke dalam masalah ke dalam masalah. Kami akan mempunyai kembali ke rumah. Jadi, terakhir yang saya ada kembali ke rumah, dan dia sangat mencari kembali ke rumah. Dan kemudian saya beritahu dia, saya akan mencari ke rumah. Dia sangat gembira. Dia akan beritahu saya, terima kasih banyak-banyak. Sebab dia pergi ke rumah ke rumah, kembali ke rumah yang mereka mempunyai ke rumah, kembali ke rumah, di dalam masalah ke rumah, 2-3 kali lebih dari saya boleh beritahu dia. Jadi, kamu akan melihat dia, dia sangat gembira, dia akan beritahu saya, dan kita akan mulakan dalam masalah ke rumah. Kami akan mempunyai ke rumah, saya akan mempunyai ke rumah, yang kamu tak boleh mempunyai.",140,3.5425101214574894,0,0,0,0,0,0,0,0,0,0
7106156503836445998," Things in a smart home that just makes sense. Part 2. Alexa, turn on the shower. Okay, turning on the shower. Alexa, set the microwave for three minutes. Microwaving for three minutes, starting now. Alexa, vacuum the living room. Sending Robo Rock to the living room.",46,1.6886930983847284,0,0,1,0,0,0,0,0,0,0
7548330544363293959, When will you just let it go? It's been a while since I have known Not as young but not so grown Same quinks I spent in the different room I will not... When will you just let it go? It's been a while since I have known Not as young but not so grown Same quinks I spent in the different room I will not...,66,1.2913324202700058,2,0,0,0,0,0,0,0,0,0
7226768409327848705," Let's see how much vegan food I spend here, a thinking for a little bit, drink this grape ginkgo,UE have a lovely cartion dress.",24,1.251303441084463,0,0,0,0,0,0,0,0,0,0
7526326508051320077," Here's some things in my smart home that just make my life easier. First thing I wanna show you where I control all my smart home stuff from. It's just here in the home map, as you can see. I have a lot of stuff. Starting out here in the living room, I have this light right here that I can turn on and off from my phone, as well as this one too. I have an automation setup for both of these lights. At 8pm every day, these lights turn on automatically. They also turn off automatically at 10.30 at night. The lights under the TV stand are also smart, and you can change the colors if you want. What I love about this one too, is I have an automation setup to where it turns on automatically. They're on like 11 o'clock at night. So if we need to walk out here to go to our daughter's room, it's not like, page black where we can't see anything. It just acts like a little night light. My dead bowl is smart too, so I can just unlock it from anywhere in the world really. This one takes a little bit longer. This is especially handy when we leave the house. We can't remember if we lock the front door. Also, these lights in the living room are smart. And they're dimmable, so I can turn them really low or really bright. This is a game changer, a thermostat is smart. If I'm laying in our room and I want the whole house to be cold, I could turn it down. My wife would always leave the pantry light on, so I added a sensor in here. So every time the door opens, the light turns off. That also turns off when you close it. Look at that. It's like one of my favorite things I've done. This is how small the sensor is. I actually really like this next one. Put an NFC tag in our daughter's bathroom. So every time we go to brush her teeth, I could just tap my phone right here. And a place shiny teeth in me. And a beard on the... The night light in my daughter's room is smart. It's also dimmable, and it could change to any color. I can turn on and off my daughter's ceiling fan light and her feet can choose from 25, 50, 75, and 100%. Now I'm here in the primary bedroom. I can turn off this light, this light, and I get turned on the fan. Which is so nice, especially when you're laying in bed and you want the fan on, you're like, I don't want to have to get up and turn the fan on. Just off my range. We also have an Apple TV in here. If you don't have an Apple TV, you need one. It is so good. It's so fast. I just love it. I have two of them. I have lights here behind the TV and under the TV stand. Oh, behind the TV stand. I have a smart outlet plugged into this level lamp and I can turn it on and off from my phone. I also have another smart outlet plugged into this lamp right here. Everything I showed you has an automation that goes with it. I wish these lights were smart. I couldn't find like any battery operated like smart things. I don't think they even make this. So I forgot to show you this. My garage door isn't home-kid compatible but you can buy an attachment that makes it home-kid compatible. So I bought it. Now I can open up my garage from my phone. Anyways, I have other things that I didn't show you. That is mommy bunny. I have other things around the house that I haven't showed you but if you guys want another video on it, just let me know. If you take any medication or vitamins, if you haven't taken them today, you should take them and you should fix your posture because it's like really bad. Anyways, thank you so much for watching. If you have any questions, just ask away. All right, thank you so much for watching. I hope to see you in my next one.",722,5.482156416097191,0,0,0,0,0,0,0,0,1,1
7300403631340211463, 1.0% 2.0% 2.0% 2.0% 2.0% 2.0% 2.0% 2.0% 2.0% 2.0% 2.0% 2.0% 2.0% 2.0%,14,0.45161290322580644,0,0,0,0,0,0,0,0,0,0
7476349576476314888," Di last dia sayaawakan untuk keÑ‹Ğ¼ï¿½esen sayaThe Dream X 50 Saya akan menolak ter badan bersama Vaku Mok Klanah Hey Dream Saya Indonesiaè·¨ tentu Leute, pun kita melancar penuh tangmu AG atas Rain Awwah Mula juga conform VR-nya capability je millimeters BACK MUST QUALER The moyang saja adalah segunda-senanya Pada Sekian Mok Cãƒ³ Geu pula. Arapanya Ter mÃ©lang dan pake DAZ Sakaaparya Sakaap pouvait Mok ligat sama Masa ia berlaku enam saing para indebæº«. Xen Ğ¾Ğºra 3 1988. Jeannap dienang jika nampak Health di ÑÑ‹b pangkat. Limukan 8 monitoredok livelyung, dan backstage Mohammede spacious menyerang... dan pada saya tuh, ia sudah terk ì¬ï¿½unkan industri biasa, bagi 7-9 39 saat August Halia, sekawas 11 Ğ½Ğ°Ğ´ok di dalang saya. Jadi saya barang 10 saatli gula. yep-si-yup ini memerlukan dengan geographical. Maafkan membĞ•ĞI mele Explode Style Race",134,2.875536480686695,0,0,0,0,0,0,0,0,0,0
7554026100079283512," áº¤n, sáº¯p lá»¡n bá»™ trá»±c lÃ¹a áº¤n, sáº¯p lá»¡n bá»™ trá»±c lÃ¹a áº¤n, sáº¯p lá»¡n bá»™ trá»±c lÃ¹a áº¤n, sáº¯p lá»¡n bá»™ trá»±c lÃ¹a áº¤n, sáº¯p lá»¡n bá»™ trá»±c lÃ¹a",30,0.3844182470527935,0,0,0,0,0,0,0,0,0,0
7547624841700969749," Picture this, your entire neighborhood working together like a well-oiled machine. That's the future smart homes are bringing to our cities. We're talking energy grids that adapt to our needs, street lights that only shine when needed, and community-wide security that keeps everyone safer. But it's not just about convenience. These interconnected homes are reshaping how we plan our cities, making them more sustainable and efficient. Of course, it's not all smooth sailing. We've got two tackle issues like data privacy, and ensuring everyone has access to this tech. But the potential is huge. We could be looking at cities that are cleaner, safer, and just plain smarter. Curious about bringing this tech to your home? Check out smart home solutions for more info.",124,2.966507177033493,1,0,0,0,0,0,0,0,0,0
7549324518456659222," Pe partea de control acces la acest proiect avem uÈ™Äƒ pivotantÄƒ, motorizatÄƒ, cu amprendÄƒ integratÄƒ de la IKI È™i pe partea de locsona avem un NFC-cotac care pe bazÄƒ de colÈ›a TGNFC trimite comandÄƒ cÄƒ trecea asta uÈ™Äƒ e aruÈ™a se descide.",42,2.1031547320981474,0,0,0,0,0,0,0,0,0,0
7407537007624244513," For the people thinking that Smart Rums are for the rich for it, it's too complex. Here's what I did in my bedroom with just one sensor and a free software. So as I walk into the bedroom, you can see that every light's turned on. And what happens when I want to go on my desktop and work on my computer? So you see that the computer turns on and now the lights are going to turn blue and red according to the wallpaper on my computer. If I stand up and go away from the computer, you will see that the computer turns off and the lights go back to normal. Now what happens if I want to play some music on my phone? So let's go and play some music. I would test it onto the room. Nice playing in the old room. And you will see you will hear that when I go in the bedroom, it's automatically casted on the smart speaker here. So what happens now if I want to go to sleep? I just put my sleep mode on. And all the lights turn off except this one and this one. Now let's say I'm ready to go to sleep. So I would just put myself closer here and put my phone there. And it turns off everything and I'm ready to go to sleep. And this is how you can basically live in the future. Right now we just have sensor, a pair of few smart lights and a free software.",259,2.925231533770048,3,0,0,0,0,0,0,0,0,0
7388078680523787538, Welcome home Vincent. Alexa turn on movie mode.,8,0.14856081708449395,0,0,1,0,0,0,0,0,0,0
